{
 "args": {
  "alg": "force_mfaco",
  "ants": 896,
  "backup list size": 64,
  "beta": 1.0,
  "cand list size": 16,
  "count new edges": 0,
  "gbest as source prob": 0.01,
  "id": "default",
  "iterations": 12000,
  "keep better ant sol": 1,
  "local search": 1,
  "ls cand list size": 20,
  "min new edges": 16,
  "p best": 0.1,
  "picture": true,
  "problem": "large_instances/Tnm30001.tsp",
  "repeat": 1,
  "results dir": "results",
  "rho": 0.5,
  "seed": 62533977,
  "source sol local update": 1,
  "threads": 10
 },
 "executions": [
  {
   "ants solutions updates": 34582,
   "best sol cost iterations": [
    1,
    3,
    5,
    7,
    9,
    11,
    13,
    15,
    17,
    19,
    21,
    23,
    25,
    27,
    29,
    31,
    33,
    35,
    37,
    39,
    41,
    43,
    45,
    51,
    53,
    63,
    77,
    79,
    87,
    145,
    249,
    259,
    271,
    2137,
    9533,
    10071,
    10535
   ],
   "best sol cost times": [
    0.170078,
    0.222604,
    0.274495,
    0.338972,
    0.412946,
    0.488164,
    0.611818,
    0.745865,
    1.108069,
    1.248307,
    1.629819,
    2.033381,
    2.58843,
    2.708808,
    3.14288,
    3.444352,
    3.56019,
    3.944955,
    4.337776,
    4.706386,
    5.216731,
    5.393863,
    5.708123,
    6.573073,
    6.963484,
    8.909895,
    10.639905,
    10.848834,
    12.129356,
    22.296634,
    39.277283,
    41.392314,
    43.041511,
    321.228794,
    938.028437,
    958.997186,
    973.254854
   ],
   "best sol cost values": [
    567002677.0,
    566995577.0,
    566989254.0,
    566986767.0,
    566982835.0,
    566980363.0,
    566978427.0,
    566978081.0,
    566976140.0,
    566974041.0,
    566973842.0,
    566973710.0,
    566973601.0,
    566973491.0,
    566973461.0,
    566973421.0,
    566973319.0,
    566973259.0,
    566973223.0,
    566973211.0,
    566973204.0,
    566973202.0,
    566973200.0,
    566973199.0,
    566973198.0,
    566973197.0,
    566973196.0,
    566973195.0,
    566973194.0,
    566973193.0,
    566973192.0,
    566973191.0,
    566973190.0,
    566973189.0,
    566973188.0,
    566973187.0,
    566973186.0
   ],
   "execution time": 1012.359647403,
   "final cost": 566973186.0,
   "final error": -1.9401266475167466e-05,
   "finished_at": "2024-05-10--15:40:44",
   "initial sol cost": 567032359.0,
   "initial solutions build time": 0.37850045000000004,
   "local source solutions updates": 541,
   "pher_deposition_time": 2.2551298299003975,
   "sol cost mean recorded every ith iter": 20,
   "sol cost mean values": [],
   "sol cost stdev recorded every ith iter": 20,
   "sol cost stdev values": [],
   "started_at": "2024-05-10--15:23:52",
   "total new edges": 0
  }
 ],
 "nn and backup lists calc time": 0.147934344,
 "trial max cost": 566973186,
 "trial max error": -1.9401266475167466e-05,
 "trial mean cost": 566973186.0,
 "trial mean error": -1.9401266475167466e-05,
 "trial min cost": 566973186,
 "trial min error": -1.9401266475167466e-05,
 "trial time": 1012.3597513740001
}