{
 "args": {
  "alg": "force_mfaco",
  "ants": 896,
  "backup list size": 64,
  "beta": 1.0,
  "cand list size": 16,
  "count new edges": 0,
  "gbest as source prob": 0.01,
  "id": "default",
  "iterations": 12000,
  "keep better ant sol": 1,
  "local search": 1,
  "ls cand list size": 20,
  "min new edges": 16,
  "p best": 0.1,
  "picture": true,
  "problem": "large_instances/Tnm30001.tsp",
  "repeat": 1,
  "results dir": "results",
  "rho": 0.5,
  "seed": 811187718,
  "source sol local update": 1,
  "threads": 10
 },
 "executions": [
  {
   "ants solutions updates": 40562,
   "best sol cost iterations": [
    1,
    3,
    5,
    7,
    9,
    11,
    13,
    15,
    17,
    19,
    21,
    23,
    25,
    27,
    29,
    31,
    33,
    35,
    39,
    41,
    45,
    49,
    51,
    59,
    67,
    83,
    147,
    219,
    223,
    231,
    235,
    273,
    287,
    313,
    315,
    335,
    405,
    427,
    445,
    513,
    645,
    713,
    783,
    797,
    813,
    829,
    875,
    1007,
    1419,
    1919,
    1961
   ],
   "best sol cost times": [
    0.01481,
    0.029092,
    0.041868,
    0.058118,
    0.072258,
    0.113356,
    0.147351,
    0.212448,
    0.283821,
    0.36059,
    0.415748,
    0.536086,
    0.595497,
    0.643357,
    0.69782,
    0.762472,
    0.81945,
    0.87543,
    0.975758,
    1.025756,
    1.121945,
    1.218539,
    1.278461,
    1.467483,
    1.649,
    2.02653,
    3.629456,
    5.624668,
    5.716851,
    5.895874,
    5.975768,
    6.884492,
    7.162073,
    7.76442,
    7.821184,
    8.284754,
    9.986296,
    10.408693,
    10.9129,
    12.768305,
    15.448603,
    16.744312,
    18.117629,
    18.428183,
    18.83922,
    19.253938,
    20.497161,
    23.453222,
    32.640223,
    43.77333,
    44.592429
   ],
   "best sol cost values": [
    567004844.0,
    567003185.0,
    566993875.0,
    566986986.0,
    566984546.0,
    566984355.0,
    566984147.0,
    566982363.0,
    566978920.0,
    566978692.0,
    566978691.0,
    566978575.0,
    566978562.0,
    566978113.0,
    566978086.0,
    566976639.0,
    566976592.0,
    566974175.0,
    566974163.0,
    566974160.0,
    566974155.0,
    566974154.0,
    566974152.0,
    566973934.0,
    566973933.0,
    566973932.0,
    566973931.0,
    566973435.0,
    566973216.0,
    566973215.0,
    566973214.0,
    566973213.0,
    566973212.0,
    566973211.0,
    566973210.0,
    566973209.0,
    566973208.0,
    566973207.0,
    566973206.0,
    566973205.0,
    566973204.0,
    566973203.0,
    566973202.0,
    566973201.0,
    566973200.0,
    566973199.0,
    566973198.0,
    566973197.0,
    566973196.0,
    566973195.0,
    566973194.0
   ],
   "execution time": 165.299862498,
   "final cost": 566973194.0,
   "final error": -1.799026527697347e-05,
   "finished_at": "2024-05-10--08:10:51",
   "initial sol cost": 567032359.0,
   "initial solutions build time": 0.34583709300000004,
   "local source solutions updates": 151,
   "pher_deposition_time": 2.20812846694389,
   "sol cost mean recorded every ith iter": 20,
   "sol cost mean values": [],
   "sol cost stdev recorded every ith iter": 20,
   "sol cost stdev values": [],
   "started_at": "2024-05-10--08:08:06",
   "total new edges": 0
  }
 ],
 "nn and backup lists calc time": 0.16856098600000002,
 "trial max cost": 566973194,
 "trial max error": -1.799026527697347e-05,
 "trial mean cost": 566973194.0,
 "trial mean error": -1.799026527697347e-05,
 "trial min cost": 566973194,
 "trial min error": -1.799026527697347e-05,
 "trial time": 165.29994997600002
}