{
 "args": {
  "alg": "first_new_edge_mfaco",
  "ants": 896,
  "backup list size": 64,
  "beta": 1.0,
  "cand list size": 16,
  "count new edges": 1,
  "gbest as source prob": 0.01,
  "id": "default",
  "iterations": 12000,
  "keep better ant sol": 1,
  "local search": 1,
  "ls cand list size": 20,
  "min new edges": 4,
  "p best": 0.1,
  "picture": true,
  "problem": "large_instances/Tnm50002.tsp",
  "repeat": 1,
  "results dir": "results",
  "rho": 0.5,
  "seed": 2106323386,
  "source sol local update": 1,
  "threads": 10
 },
 "executions": [
  {
   "ants solutions updates": 90286,
   "average visited": 63.33761365327381,
   "best sol cost iterations": [
    3,
    9,
    13,
    15,
    17,
    19,
    21,
    23,
    27,
    29,
    33,
    35,
    39,
    41,
    45,
    47,
    49,
    51,
    53,
    55,
    57,
    59,
    61,
    63,
    65,
    67,
    69,
    71,
    75,
    79,
    83,
    85,
    89,
    91,
    93,
    95,
    97,
    99,
    101,
    103,
    105,
    107,
    109,
    111,
    113,
    115,
    117,
    121,
    127,
    131,
    133,
    137,
    139,
    141,
    143,
    147,
    149,
    153,
    155,
    159,
    161,
    163,
    167,
    169,
    173,
    179,
    183,
    185,
    187,
    189,
    191,
    193,
    195,
    197,
    201,
    203,
    205,
    207,
    209,
    211,
    215,
    217,
    221,
    225,
    227,
    237,
    239,
    243,
    247,
    249,
    251,
    255,
    261,
    265,
    267,
    269,
    271,
    273,
    279,
    281,
    285,
    291,
    299,
    301,
    407,
    437,
    457,
    2195,
    2525,
    2899,
    6981
   ],
   "best sol cost times": [
    0.023096,
    0.068464,
    0.102776,
    0.131264,
    0.156429,
    0.181398,
    0.205478,
    0.226666,
    0.270868,
    0.298764,
    0.347257,
    0.368514,
    0.414598,
    0.696943,
    0.741821,
    0.891897,
    0.914412,
    0.936997,
    0.959793,
    0.982322,
    1.033305,
    1.055713,
    1.082185,
    1.107181,
    1.131798,
    1.153974,
    1.17927,
    1.201861,
    1.246661,
    1.290466,
    1.336027,
    1.358038,
    1.409282,
    1.458239,
    1.487359,
    1.52367,
    1.548539,
    1.575603,
    1.624778,
    1.667983,
    1.697068,
    1.720742,
    1.745025,
    1.771626,
    1.793809,
    1.815994,
    1.866044,
    1.931163,
    2.012827,
    2.058893,
    2.115055,
    2.158156,
    2.181783,
    2.202933,
    2.229089,
    2.301364,
    2.332793,
    2.400829,
    2.422823,
    2.466715,
    2.488369,
    2.516334,
    2.577718,
    2.623435,
    2.673599,
    2.739912,
    2.784579,
    2.805874,
    2.825899,
    2.857932,
    2.885077,
    2.912482,
    2.936447,
    2.983258,
    3.028518,
    3.049586,
    3.072451,
    3.092584,
    3.138918,
    3.167223,
    3.211863,
    3.238094,
    3.308746,
    3.355744,
    3.402982,
    3.561928,
    3.582179,
    3.627465,
    3.701718,
    3.726969,
    3.748433,
    3.806081,
    3.905859,
    3.953172,
    3.981762,
    4.028839,
    4.056996,
    4.080295,
    4.188877,
    4.209765,
    4.249593,
    4.344775,
    4.45487,
    4.503081,
    5.922968,
    6.342883,
    6.602244,
    29.332541,
    33.702189,
    38.655953,
    90.373613
   ],
   "best sol cost values": [
    945617784.0,
    945617783.0,
    945593473.0,
    945581578.0,
    945577024.0,
    945566148.0,
    945551815.0,
    945550191.0,
    945550103.0,
    945549976.0,
    945549641.0,
    945549588.0,
    945545653.0,
    945544858.0,
    945544723.0,
    945544722.0,
    945542189.0,
    945542030.0,
    945542015.0,
    945540407.0,
    945540300.0,
    945540202.0,
    945538474.0,
    945538472.0,
    945538437.0,
    945538348.0,
    945537909.0,
    945537684.0,
    945537556.0,
    945537204.0,
    945537199.0,
    945537198.0,
    945537188.0,
    945537095.0,
    945537077.0,
    945536980.0,
    945536883.0,
    945536876.0,
    945536875.0,
    945536820.0,
    945536816.0,
    945536797.0,
    945536795.0,
    945536788.0,
    945536785.0,
    945536670.0,
    945536656.0,
    945536614.0,
    945536582.0,
    945536571.0,
    945536568.0,
    945536566.0,
    945536559.0,
    945536547.0,
    945536546.0,
    945536538.0,
    945536535.0,
    945536525.0,
    945536519.0,
    945536499.0,
    945536496.0,
    945536491.0,
    945536488.0,
    945536483.0,
    945536469.0,
    945536467.0,
    945536459.0,
    945536457.0,
    945536455.0,
    945536452.0,
    945536450.0,
    945536429.0,
    945536426.0,
    945536423.0,
    945536422.0,
    945536421.0,
    945536418.0,
    945536417.0,
    945536412.0,
    945536408.0,
    945536407.0,
    945536406.0,
    945536404.0,
    945536403.0,
    945536392.0,
    945536391.0,
    945536381.0,
    945536379.0,
    945536377.0,
    945536371.0,
    945536369.0,
    945536367.0,
    945536364.0,
    945536363.0,
    945536360.0,
    945536359.0,
    945536358.0,
    945536357.0,
    945536355.0,
    945536353.0,
    945536352.0,
    945536351.0,
    945536350.0,
    945536349.0,
    945536348.0,
    945536347.0,
    945536346.0,
    945535623.0,
    945535622.0,
    945535621.0,
    945535620.0
   ],
   "execution time": 156.658233518,
   "final cost": 945535620.0,
   "final error": -0.0004428158358857968,
   "finished_at": "2024-05-11--01:17:48",
   "initial sol cost": 945617787.0,
   "initial solutions build time": 0.902341406,
   "local source solutions updates": 234,
   "pher_deposition_time": 3.526978526981111,
   "sol cost mean recorded every ith iter": 20,
   "sol cost mean values": [],
   "sol cost stdev recorded every ith iter": 20,
   "sol cost stdev values": [],
   "started_at": "2024-05-11--01:15:11",
   "total new edges": 44299477
  }
 ],
 "nn and backup lists calc time": 0.23118923500000002,
 "trial max cost": 945535620,
 "trial max error": -0.0004428158358857968,
 "trial mean cost": 945535620.0,
 "trial mean error": -0.0004428158358857968,
 "trial min cost": 945535620,
 "trial min error": -0.0004428158358857968,
 "trial time": 156.658342764
}