{
 "args": {
  "alg": "first_new_edge_mfaco",
  "ants": 704,
  "backup list size": 64,
  "beta": 1.0,
  "cand list size": 16,
  "count new edges": 1,
  "gbest as source prob": 0.01,
  "id": "default",
  "iterations": 12000,
  "keep better ant sol": 1,
  "local search": 1,
  "ls cand list size": 20,
  "min new edges": 4,
  "p best": 0.1,
  "picture": true,
  "problem": "large_instances/Tnm30001.tsp",
  "repeat": 1,
  "results dir": "results",
  "rho": 0.5,
  "seed": 1861329620,
  "source sol local update": 1,
  "threads": 10
 },
 "executions": [
  {
   "ants solutions updates": 77805,
   "average visited": 65.35325923295454,
   "best sol cost iterations": [
    1,
    3,
    5,
    7,
    9,
    11,
    13,
    15,
    17,
    19,
    21,
    23,
    25,
    27,
    29,
    31,
    33,
    35,
    37,
    39,
    41,
    43,
    45,
    47,
    49,
    51,
    53,
    55,
    57,
    59,
    61,
    63,
    65,
    67,
    69,
    71,
    73,
    75,
    77,
    79,
    81,
    83,
    85,
    87,
    89,
    91,
    95,
    97,
    99,
    103,
    105,
    107,
    109,
    111,
    113,
    117,
    119,
    123,
    125,
    129,
    131,
    133,
    135,
    137,
    143,
    147,
    149,
    155,
    157,
    159,
    165,
    167,
    169,
    171,
    173,
    175,
    179,
    181,
    185,
    189,
    191,
    195,
    199,
    203,
    205,
    207,
    213,
    215,
    219,
    221,
    223,
    225,
    231,
    241,
    245,
    249,
    251,
    255,
    277,
    279,
    281,
    307,
    425,
    503,
    693,
    773,
    983,
    987,
    1005,
    1011,
    1021,
    1313,
    1485,
    2021,
    2029,
    2075,
    2099,
    2185,
    2301,
    8959,
    9603
   ],
   "best sol cost times": [
    0.019095,
    0.026131,
    0.033486,
    0.041128,
    0.049094,
    0.058161,
    0.090308,
    0.104065,
    0.116225,
    0.12869,
    0.140207,
    0.161101,
    0.226772,
    0.246109,
    0.257024,
    0.268681,
    0.279089,
    0.290512,
    0.301554,
    0.312149,
    0.323977,
    0.335555,
    0.346674,
    0.357785,
    0.369864,
    0.432265,
    0.45604,
    0.470095,
    0.484865,
    0.500959,
    0.512689,
    0.547218,
    0.559246,
    0.575869,
    0.587657,
    0.611484,
    0.639569,
    0.654348,
    0.67208,
    0.682386,
    0.697581,
    0.714446,
    0.72897,
    0.747825,
    0.761405,
    0.822289,
    0.853451,
    0.908643,
    0.925887,
    0.949464,
    0.960572,
    1.014311,
    1.069514,
    1.081853,
    1.096738,
    1.12726,
    1.138464,
    1.169059,
    1.18076,
    1.202766,
    1.214175,
    1.22648,
    1.241683,
    1.25799,
    1.400732,
    1.444547,
    1.491762,
    1.560693,
    1.580299,
    1.592098,
    1.696228,
    1.74428,
    1.791832,
    1.803099,
    1.850619,
    1.861884,
    1.88361,
    1.896654,
    1.95146,
    2.006909,
    2.053187,
    2.107288,
    2.166872,
    2.249219,
    2.262378,
    2.306732,
    2.338838,
    2.382409,
    2.404785,
    2.416927,
    2.427832,
    2.438253,
    2.502825,
    2.562882,
    2.581714,
    2.613361,
    2.624266,
    2.674485,
    2.911711,
    2.921417,
    2.931298,
    3.133316,
    4.088461,
    4.715315,
    6.313811,
    7.014892,
    8.80977,
    8.859852,
    9.019007,
    9.048978,
    9.161344,
    11.764635,
    13.104044,
    17.864212,
    17.907937,
    18.303302,
    18.452042,
    19.130146,
    20.205513,
    77.044716,
    82.212582
   ],
   "best sol cost values": [
    567081386.0,
    567027754.0,
    567027750.0,
    567024409.0,
    567020699.0,
    567014171.0,
    567011117.0,
    567011082.0,
    567005353.0,
    566997681.0,
    566996765.0,
    566992343.0,
    566992288.0,
    566990971.0,
    566988451.0,
    566987229.0,
    566987225.0,
    566987200.0,
    566986997.0,
    566985654.0,
    566985588.0,
    566985508.0,
    566985472.0,
    566985466.0,
    566985448.0,
    566983450.0,
    566979263.0,
    566979177.0,
    566979175.0,
    566979172.0,
    566978654.0,
    566978650.0,
    566978612.0,
    566978439.0,
    566978438.0,
    566978418.0,
    566978150.0,
    566978144.0,
    566977764.0,
    566977739.0,
    566977732.0,
    566977491.0,
    566977484.0,
    566977482.0,
    566977469.0,
    566977450.0,
    566977415.0,
    566977413.0,
    566977411.0,
    566977395.0,
    566977393.0,
    566977390.0,
    566977389.0,
    566977388.0,
    566977370.0,
    566977368.0,
    566977361.0,
    566977359.0,
    566977358.0,
    566974435.0,
    566974434.0,
    566974417.0,
    566974396.0,
    566974314.0,
    566974185.0,
    566974184.0,
    566974181.0,
    566974170.0,
    566974164.0,
    566974141.0,
    566974128.0,
    566974120.0,
    566974098.0,
    566974095.0,
    566974092.0,
    566974073.0,
    566974061.0,
    566974057.0,
    566974052.0,
    566974050.0,
    566974046.0,
    566974040.0,
    566974024.0,
    566974021.0,
    566974016.0,
    566973997.0,
    566973994.0,
    566973985.0,
    566973983.0,
    566973959.0,
    566973951.0,
    566973950.0,
    566973949.0,
    566973945.0,
    566973944.0,
    566973943.0,
    566973938.0,
    566973937.0,
    566973935.0,
    566973934.0,
    566973932.0,
    566973931.0,
    566973930.0,
    566973929.0,
    566973928.0,
    566973927.0,
    566973207.0,
    566973206.0,
    566973205.0,
    566973204.0,
    566973203.0,
    566973202.0,
    566973201.0,
    566973200.0,
    566973199.0,
    566973198.0,
    566973197.0,
    566973196.0,
    566973195.0,
    566973194.0,
    566973193.0
   ],
   "execution time": 103.596802486,
   "final cost": 566973193.0,
   "final error": -1.8166640426747717e-05,
   "finished_at": "2024-05-11--01:25:05",
   "initial sol cost": 567084487.0,
   "initial solutions build time": 0.34413518000000004,
   "local source solutions updates": 278,
   "pher_deposition_time": 2.195200774945988,
   "sol cost mean recorded every ith iter": 20,
   "sol cost mean values": [],
   "sol cost stdev recorded every ith iter": 20,
   "sol cost stdev values": [],
   "started_at": "2024-05-11--01:23:21",
   "total new edges": 34708201
  }
 ],
 "nn and backup lists calc time": 0.162060947,
 "trial max cost": 566973193,
 "trial max error": -1.8166640426747717e-05,
 "trial mean cost": 566973193.0,
 "trial mean error": -1.8166640426747717e-05,
 "trial min cost": 566973193,
 "trial min error": -1.8166640426747717e-05,
 "trial time": 103.596891432
}