{
 "args": {
  "alg": "mfaco",
  "ants": 896,
  "backup list size": 64,
  "beta": 1.0,
  "cand list size": 16,
  "count new edges": 1,
  "gbest as source prob": 0.01,
  "id": "default",
  "iterations": 12000,
  "keep better ant sol": 1,
  "local search": 1,
  "ls cand list size": 20,
  "min new edges": 4,
  "p best": 0.1,
  "picture": true,
  "problem": "large_instances/Tnm50002.tsp",
  "repeat": 1,
  "results dir": "results",
  "rho": 0.5,
  "seed": 1032465680,
  "source sol local update": 1,
  "threads": 10
 },
 "executions": [
  {
   "ants solutions updates": 119620,
   "average visited": 63.54781715029762,
   "best sol cost iterations": [
    9,
    11,
    13,
    15,
    17,
    19,
    21,
    23,
    25,
    27,
    31,
    33,
    35,
    37,
    39,
    41,
    43,
    45,
    47,
    49,
    51,
    53,
    55,
    57,
    59,
    61,
    63,
    65,
    67,
    71,
    73,
    75,
    77,
    79,
    81,
    83,
    85,
    89,
    91,
    93,
    95,
    97,
    99,
    101,
    103,
    105,
    107,
    109,
    111,
    115,
    117,
    119,
    123,
    129,
    131,
    133,
    135,
    137,
    139,
    141,
    143,
    145,
    147,
    149,
    151,
    153,
    155,
    161,
    163,
    165,
    171,
    173,
    175,
    177,
    179,
    181,
    183,
    185,
    187,
    191,
    193,
    195,
    197,
    199,
    201,
    203,
    205,
    207,
    211,
    213,
    215,
    217,
    221,
    223,
    227,
    229,
    243,
    245,
    249,
    255,
    257,
    263,
    265,
    267,
    269,
    271,
    273,
    277,
    279,
    281,
    283,
    285,
    289,
    291,
    293,
    297,
    299,
    303,
    305,
    307,
    309,
    317,
    321,
    325,
    329,
    333,
    337,
    339,
    343,
    347,
    361,
    363,
    375,
    381,
    389,
    391,
    399,
    403,
    419,
    427,
    453,
    539,
    647,
    7075,
    7085,
    9871,
    10717,
    11085,
    11583
   ],
   "best sol cost times": [
    0.06033,
    0.080201,
    0.099109,
    0.149592,
    0.170805,
    0.194309,
    0.225626,
    0.248392,
    0.270315,
    0.293899,
    0.33868,
    0.361193,
    0.525118,
    0.547873,
    0.570821,
    0.594951,
    0.618806,
    0.641414,
    0.688593,
    0.712192,
    0.870002,
    0.891782,
    0.915086,
    0.990647,
    1.012472,
    1.033364,
    1.055177,
    1.214501,
    1.235446,
    1.278858,
    1.301446,
    1.458747,
    1.48542,
    1.506483,
    1.528878,
    1.549843,
    1.585173,
    1.631121,
    1.653316,
    1.749098,
    1.78484,
    1.90124,
    1.922779,
    1.993552,
    2.018366,
    2.041429,
    2.065601,
    2.21768,
    2.342686,
    2.544163,
    2.564525,
    2.663273,
    2.828075,
    2.903375,
    2.9245390000000002,
    2.946813,
    2.971589,
    2.995312,
    3.016267,
    3.038007,
    3.059962,
    3.082931,
    3.103598,
    3.123847,
    3.144779,
    3.166705,
    3.189999,
    3.250029,
    3.269875,
    3.289787,
    3.348122,
    3.369782,
    3.391176,
    3.412485,
    3.531432,
    3.551246,
    3.692321,
    3.827185,
    3.84648,
    4.008942,
    4.146497,
    4.167297,
    4.302385,
    4.323257,
    4.343418,
    4.363571,
    4.384408,
    4.5121,
    4.665554,
    4.686723,
    4.707362,
    4.842428,
    4.879705,
    4.905104,
    4.947002,
    4.969788,
    5.337831,
    5.358188,
    5.521108,
    5.662232,
    5.684067,
    5.739588,
    5.758846,
    5.777566,
    5.798302,
    5.818361,
    5.840244,
    6.110331,
    6.131114,
    6.266885,
    6.287012,
    6.307712,
    6.422889,
    6.544922,
    6.569408,
    6.705067,
    6.841359,
    6.891085,
    7.027291,
    7.051543,
    7.184676,
    7.417491,
    7.455418,
    7.494268,
    7.646613,
    7.684324,
    7.724105,
    7.744107,
    7.899025,
    7.939732,
    8.089546,
    8.109135,
    8.421279,
    8.723985,
    9.14838,
    9.168785,
    9.353958,
    9.450392,
    9.821356,
    9.94113,
    10.337316,
    11.520459,
    13.752246,
    154.301214,
    154.58171,
    215.789325,
    235.65936,
    243.651262,
    254.831951
   ],
   "best sol cost values": [
    945598976.0,
    945584906.0,
    945584905.0,
    945581195.0,
    945581089.0,
    945574725.0,
    945560376.0,
    945558002.0,
    945557966.0,
    945557716.0,
    945555185.0,
    945555180.0,
    945553394.0,
    945551737.0,
    945551607.0,
    945551574.0,
    945550973.0,
    945550467.0,
    945550217.0,
    945550156.0,
    945550154.0,
    945550112.0,
    945550110.0,
    945550039.0,
    945550036.0,
    945550033.0,
    945549841.0,
    945549837.0,
    945549836.0,
    945549829.0,
    945549787.0,
    945549466.0,
    945549429.0,
    945549427.0,
    945549056.0,
    945545219.0,
    945544828.0,
    945544568.0,
    945544442.0,
    945544439.0,
    945544436.0,
    945544428.0,
    945544409.0,
    945544404.0,
    945541351.0,
    945541034.0,
    945541033.0,
    945540865.0,
    945540861.0,
    945540859.0,
    945540809.0,
    945540749.0,
    945539601.0,
    945539600.0,
    945539595.0,
    945536875.0,
    945536786.0,
    945536784.0,
    945536774.0,
    945536773.0,
    945536712.0,
    945536709.0,
    945536687.0,
    945536686.0,
    945536685.0,
    945536675.0,
    945536668.0,
    945536663.0,
    945536632.0,
    945536596.0,
    945536587.0,
    945536586.0,
    945536585.0,
    945536563.0,
    945536562.0,
    945536536.0,
    945536533.0,
    945536529.0,
    945536525.0,
    945536519.0,
    945536518.0,
    945536507.0,
    945536505.0,
    945536490.0,
    945536489.0,
    945536484.0,
    945536483.0,
    945536479.0,
    945536476.0,
    945536467.0,
    945536466.0,
    945536455.0,
    945536453.0,
    945536451.0,
    945536449.0,
    945536442.0,
    945536438.0,
    945536435.0,
    945536424.0,
    945536422.0,
    945536420.0,
    945536417.0,
    945536415.0,
    945536407.0,
    945536405.0,
    945536402.0,
    945536401.0,
    945536400.0,
    945536399.0,
    945536397.0,
    945536393.0,
    945536392.0,
    945536391.0,
    945536387.0,
    945536384.0,
    945536382.0,
    945536381.0,
    945536377.0,
    945536373.0,
    945536372.0,
    945536371.0,
    945536369.0,
    945536368.0,
    945536366.0,
    945536365.0,
    945536364.0,
    945536363.0,
    945536361.0,
    945536356.0,
    945536355.0,
    945536354.0,
    945536353.0,
    945536351.0,
    945536350.0,
    945536349.0,
    945536348.0,
    945536347.0,
    945536346.0,
    945536343.0,
    945536342.0,
    945536341.0,
    945535620.0,
    945535619.0,
    945535617.0,
    945535616.0,
    945535615.0,
    945535614.0,
    945535613.0,
    945535612.0
   ],
   "execution time": 264.155110872,
   "final cost": 945535612.0,
   "final error": -0.0004436619134322708,
   "finished_at": "2024-05-11--06:36:12",
   "initial sol cost": 945599046.0,
   "initial solutions build time": 0.7962050580000001,
   "local source solutions updates": 314,
   "pher_deposition_time": 3.797180933324853,
   "sol cost mean recorded every ith iter": 20,
   "sol cost mean values": [],
   "sol cost stdev recorded every ith iter": 20,
   "sol cost stdev values": [],
   "started_at": "2024-05-11--06:31:48",
   "total new edges": 41791916
  }
 ],
 "nn and backup lists calc time": 0.222544231,
 "trial max cost": 945535612,
 "trial max error": -0.0004436619134322708,
 "trial mean cost": 945535612.0,
 "trial mean error": -0.0004436619134322708,
 "trial min cost": 945535612,
 "trial min error": -0.0004436619134322708,
 "trial time": 264.155207845
}