{
 "args": {
  "alg": "mfaco",
  "ants": 896,
  "backup list size": 64,
  "beta": 1.0,
  "cand list size": 16,
  "count new edges": 1,
  "gbest as source prob": 0.01,
  "id": "default",
  "iterations": 12000,
  "keep better ant sol": 1,
  "local search": 1,
  "ls cand list size": 20,
  "min new edges": 4,
  "p best": 0.1,
  "picture": true,
  "problem": "large_instances/Tnm50002.tsp",
  "repeat": 1,
  "results dir": "results",
  "rho": 0.5,
  "seed": 2228953233,
  "source sol local update": 1,
  "threads": 10
 },
 "executions": [
  {
   "ants solutions updates": 87324,
   "average visited": 63.32670200892857,
   "best sol cost iterations": [
    1,
    5,
    7,
    11,
    13,
    15,
    17,
    19,
    21,
    23,
    25,
    27,
    29,
    31,
    33,
    35,
    37,
    39,
    41,
    45,
    47,
    49,
    51,
    53,
    55,
    59,
    61,
    63,
    65,
    67,
    69,
    71,
    73,
    77,
    79,
    83,
    85,
    87,
    89,
    93,
    95,
    99,
    101,
    103,
    107,
    109,
    111,
    113,
    115,
    117,
    119,
    121,
    123,
    125,
    129,
    133,
    135,
    137,
    139,
    147,
    151,
    153,
    155,
    157,
    161,
    165,
    167,
    169,
    171,
    175,
    179,
    183,
    187,
    191,
    195,
    199,
    201,
    203,
    205,
    213,
    217,
    219,
    223,
    225,
    227,
    233,
    237,
    241,
    247,
    249,
    253,
    255,
    261,
    263,
    267,
    273,
    275,
    293,
    327,
    421,
    505,
    571,
    1287
   ],
   "best sol cost times": [
    0.011572,
    0.039193,
    0.054864,
    0.08711,
    0.107857,
    0.128981,
    0.152635,
    0.177595,
    0.201955,
    0.261029,
    0.283109,
    0.305624,
    0.328783,
    0.351441,
    0.373049,
    0.396762,
    0.419893,
    0.442317,
    0.474768,
    0.53124,
    0.552645,
    0.575352,
    0.598441,
    0.619848,
    0.642703,
    0.699796,
    0.726573,
    0.75019,
    0.772014,
    0.79311,
    0.816396,
    0.838249,
    0.860319,
    0.927929,
    0.948963,
    0.99521,
    1.018319,
    1.074383,
    1.094806,
    1.167198,
    1.191006,
    1.264144,
    1.286233,
    1.309737,
    1.352895,
    1.375338,
    1.398145,
    1.419248,
    1.445248,
    1.466972,
    1.487919,
    1.509952,
    1.531864,
    1.554408,
    1.595468,
    1.638612,
    1.689122,
    1.711988,
    1.733562,
    1.849012,
    1.889665,
    1.910701,
    1.931858,
    1.955746,
    2.00027,
    2.043005,
    2.066691,
    2.091884,
    2.114473,
    2.154326,
    2.198926,
    2.239989,
    2.282184,
    2.324698,
    2.366831,
    2.464858,
    2.486764,
    2.509978,
    2.530471,
    2.610708,
    2.654353,
    2.675317,
    2.745165,
    2.767535,
    2.789488,
    2.848615,
    2.920456,
    2.996395,
    3.059259,
    3.08072,
    3.122032,
    3.141125,
    3.202259,
    3.331215,
    3.372377,
    3.429022,
    3.450195,
    3.683266,
    4.102395,
    5.204864,
    6.108576,
    7.095044,
    15.930636
   ],
   "best sol cost values": [
    945627847.0,
    945627840.0,
    945621807.0,
    945621805.0,
    945600021.0,
    945599386.0,
    945580673.0,
    945576455.0,
    945571759.0,
    945570450.0,
    945564657.0,
    945558759.0,
    945555742.0,
    945555636.0,
    945555584.0,
    945555583.0,
    945555491.0,
    945554664.0,
    945552521.0,
    945548437.0,
    945548075.0,
    945547684.0,
    945546184.0,
    945546017.0,
    945546015.0,
    945545991.0,
    945545124.0,
    945545096.0,
    945545092.0,
    945544876.0,
    945544797.0,
    945544788.0,
    945544779.0,
    945544777.0,
    945544454.0,
    945544430.0,
    945544383.0,
    945544381.0,
    945544360.0,
    945544351.0,
    945544188.0,
    945544185.0,
    945544184.0,
    945544143.0,
    945544137.0,
    945544119.0,
    945544118.0,
    945544116.0,
    945544114.0,
    945544112.0,
    945544111.0,
    945544110.0,
    945542008.0,
    945541277.0,
    945541276.0,
    945541142.0,
    945541138.0,
    945541134.0,
    945541111.0,
    945541107.0,
    945541073.0,
    945541072.0,
    945540854.0,
    945540831.0,
    945540830.0,
    945540827.0,
    945540797.0,
    945540794.0,
    945540790.0,
    945540783.0,
    945540724.0,
    945540723.0,
    945540712.0,
    945540698.0,
    945540697.0,
    945540654.0,
    945540653.0,
    945540649.0,
    945540646.0,
    945540639.0,
    945539216.0,
    945539214.0,
    945536494.0,
    945535647.0,
    945535646.0,
    945535634.0,
    945535633.0,
    945535631.0,
    945535629.0,
    945535622.0,
    945535621.0,
    945535615.0,
    945535614.0,
    945535613.0,
    945535612.0,
    945535611.0,
    945535607.0,
    945535606.0,
    945535605.0,
    945535604.0,
    945535603.0,
    945535602.0,
    945535601.0
   ],
   "execution time": 147.37522828200002,
   "final cost": 945535601.0,
   "final error": -0.0004448252700586724,
   "finished_at": "2024-05-11--14:14:01",
   "initial sol cost": 945627850.0,
   "initial solutions build time": 1.012971407,
   "local source solutions updates": 237,
   "pher_deposition_time": 4.038887858070666,
   "sol cost mean recorded every ith iter": 20,
   "sol cost mean values": [],
   "sol cost stdev recorded every ith iter": 20,
   "sol cost stdev values": [],
   "started_at": "2024-05-11--14:11:33",
   "total new edges": 41808953
  }
 ],
 "nn and backup lists calc time": 0.21859761400000002,
 "trial max cost": 945535601,
 "trial max error": -0.0004448252700586724,
 "trial mean cost": 945535601.0,
 "trial mean error": -0.0004448252700586724,
 "trial min cost": 945535601,
 "trial min error": -0.0004448252700586724,
 "trial time": 147.37530965000002
}