{
 "args": {
  "alg": "mfaco",
  "ants": 704,
  "backup list size": 64,
  "beta": 1.0,
  "cand list size": 16,
  "count new edges": 1,
  "gbest as source prob": 0.01,
  "id": "default",
  "iterations": 12000,
  "keep better ant sol": 1,
  "local search": 1,
  "ls cand list size": 20,
  "min new edges": 4,
  "p best": 0.1,
  "picture": true,
  "problem": "large_instances/Tnm30001.tsp",
  "repeat": 1,
  "results dir": "results",
  "rho": 0.5,
  "seed": 1812536027,
  "source sol local update": 1,
  "threads": 10
 },
 "executions": [
  {
   "ants solutions updates": 95969,
   "average visited": 65.96033238636363,
   "best sol cost iterations": [
    3,
    5,
    7,
    11,
    13,
    15,
    17,
    19,
    21,
    25,
    27,
    29,
    31,
    33,
    35,
    37,
    39,
    41,
    43,
    45,
    47,
    49,
    51,
    53,
    55,
    57,
    59,
    61,
    63,
    65,
    67,
    69,
    71,
    73,
    75,
    77,
    79,
    81,
    83,
    85,
    87,
    89,
    91,
    95,
    97,
    99,
    101,
    103,
    105,
    107,
    109,
    115,
    117,
    119,
    123,
    125,
    127,
    129,
    133,
    135,
    143,
    147,
    149,
    151,
    153,
    155,
    159,
    161,
    163,
    165,
    167,
    169,
    171,
    173,
    175,
    177,
    179,
    181,
    185,
    187,
    191,
    195,
    197,
    201,
    205,
    207,
    211,
    215,
    217,
    221,
    225,
    231,
    235,
    237,
    239,
    241,
    243,
    247,
    249,
    251,
    257,
    259,
    263,
    269,
    273,
    277,
    283,
    291,
    293,
    295,
    297,
    301,
    305,
    309,
    315,
    317,
    321,
    329,
    331,
    345,
    347,
    351,
    355,
    359,
    451,
    621,
    757,
    761,
    787,
    921,
    1083,
    1415,
    1421,
    1753,
    2275,
    2355,
    2375,
    2433,
    2663,
    4295,
    4765,
    5679,
    5887,
    6043,
    6775,
    7211
   ],
   "best sol cost times": [
    0.011494,
    0.018611,
    0.025899,
    0.040757,
    0.049679,
    0.060737,
    0.071608,
    0.089189,
    0.10275,
    0.130849,
    0.146373,
    0.161929,
    0.179385,
    0.190973,
    0.211645,
    0.224742,
    0.235438,
    0.248205,
    0.258609,
    0.269209,
    0.280869,
    0.291553,
    0.302215,
    0.314334,
    0.324497,
    0.335292,
    0.34759,
    0.358573,
    0.369954,
    0.380598,
    0.392048,
    0.401895,
    0.414769,
    0.426456,
    0.441813,
    0.452942,
    0.464789,
    0.479049,
    0.500668,
    0.522338,
    0.534981,
    0.54928,
    0.564721,
    0.596315,
    0.609829,
    0.624648,
    0.634688,
    0.6481,
    0.669904,
    0.68318,
    0.700573,
    0.741871,
    0.756308,
    0.772451,
    0.798855,
    0.812081,
    0.821811,
    0.834168,
    0.857219,
    0.87442,
    0.929716,
    0.95307,
    0.967113,
    0.978831,
    1.000812,
    1.013268,
    1.041101,
    1.053044,
    1.065575,
    1.075734,
    1.090547,
    1.105222,
    1.123757,
    1.142757,
    1.153532,
    1.166043,
    1.176108,
    1.189913,
    1.236372,
    1.246717,
    1.267098,
    1.288957,
    1.302793,
    1.335175,
    1.356925,
    1.375455,
    1.407242,
    1.436959,
    1.450163,
    1.477307,
    1.505771,
    1.537887,
    1.559464,
    1.570063,
    1.580624,
    1.590567,
    1.602913,
    1.629825,
    1.639628,
    1.650932,
    1.694897,
    1.704181,
    1.735963,
    1.769716,
    1.796253,
    1.82294,
    1.858052,
    1.900503,
    1.911751,
    1.921746,
    1.938896,
    1.961802,
    1.98794,
    2.01581,
    2.045171,
    2.059481,
    2.078784,
    2.129617,
    2.142101,
    2.223191,
    2.236778,
    2.262052,
    2.281596,
    2.306549,
    2.878464,
    3.932107,
    4.733639,
    4.753506,
    4.885397,
    5.661572,
    6.591661,
    8.399944,
    8.432369,
    10.251417,
    13.045698,
    13.494126,
    13.600096,
    13.909403,
    15.259455,
    24.044287,
    26.566819,
    31.441607,
    32.537087,
    33.379199,
    37.21999,
    39.615458
   ],
   "best sol cost values": [
    567084480.0,
    567030848.0,
    567027747.0,
    567020934.0,
    567019147.0,
    567009504.0,
    567007091.0,
    567003332.0,
    567002880.0,
    566994427.0,
    566990998.0,
    566990831.0,
    566990752.0,
    566988511.0,
    566984246.0,
    566983744.0,
    566983142.0,
    566983138.0,
    566983130.0,
    566982307.0,
    566982306.0,
    566982234.0,
    566982233.0,
    566982223.0,
    566982209.0,
    566981863.0,
    566981819.0,
    566981777.0,
    566981776.0,
    566981736.0,
    566981702.0,
    566981667.0,
    566981666.0,
    566981661.0,
    566981650.0,
    566981625.0,
    566981624.0,
    566981532.0,
    566981507.0,
    566981473.0,
    566981463.0,
    566981460.0,
    566981459.0,
    566981439.0,
    566981433.0,
    566981430.0,
    566981429.0,
    566981424.0,
    566981423.0,
    566981413.0,
    566981406.0,
    566981403.0,
    566981393.0,
    566981389.0,
    566981387.0,
    566981379.0,
    566981375.0,
    566981374.0,
    566981364.0,
    566981362.0,
    566981361.0,
    566978196.0,
    566978180.0,
    566978177.0,
    566978160.0,
    566978151.0,
    566978143.0,
    566978132.0,
    566978131.0,
    566978128.0,
    566978125.0,
    566978102.0,
    566978099.0,
    566978089.0,
    566978080.0,
    566978076.0,
    566978073.0,
    566978069.0,
    566978055.0,
    566978049.0,
    566978027.0,
    566978024.0,
    566978023.0,
    566978020.0,
    566974883.0,
    566974865.0,
    566974856.0,
    566974854.0,
    566974852.0,
    566974837.0,
    566974826.0,
    566974815.0,
    566974811.0,
    566974805.0,
    566974793.0,
    566974791.0,
    566974788.0,
    566974777.0,
    566974776.0,
    566974770.0,
    566974761.0,
    566974758.0,
    566974754.0,
    566974742.0,
    566974741.0,
    566974737.0,
    566974736.0,
    566974716.0,
    566974715.0,
    566974710.0,
    566974705.0,
    566974701.0,
    566974699.0,
    566974698.0,
    566974697.0,
    566974694.0,
    566974692.0,
    566974691.0,
    566974686.0,
    566974685.0,
    566974684.0,
    566974678.0,
    566974676.0,
    566973947.0,
    566973946.0,
    566973945.0,
    566973443.0,
    566973225.0,
    566973224.0,
    566973223.0,
    566973222.0,
    566973221.0,
    566973220.0,
    566973219.0,
    566973218.0,
    566973217.0,
    566973216.0,
    566973215.0,
    566973214.0,
    566973213.0,
    566973212.0,
    566973211.0,
    566973210.0,
    566973209.0,
    566973208.0,
    566973207.0
   ],
   "execution time": 65.834082877,
   "final cost": 566973207.0,
   "final error": -1.5697388329908224e-05,
   "finished_at": "2024-05-11--06:44:15",
   "initial sol cost": 567084487.0,
   "initial solutions build time": 0.3098319,
   "local source solutions updates": 283,
   "pher_deposition_time": 2.028574935044162,
   "sol cost mean recorded every ith iter": 20,
   "sol cost mean values": [],
   "sol cost stdev recorded every ith iter": 20,
   "sol cost stdev values": [],
   "started_at": "2024-05-11--06:43:09",
   "total new edges": 32695352
  }
 ],
 "nn and backup lists calc time": 0.14239337600000002,
 "trial max cost": 566973207,
 "trial max error": -1.5697388329908224e-05,
 "trial mean cost": 566973207.0,
 "trial mean error": -1.5697388329908224e-05,
 "trial min cost": 566973207,
 "trial min error": -1.5697388329908224e-05,
 "trial time": 65.834171068
}