{
 "args": {
  "alg": "first_new_edge_mfaco",
  "ants": 256,
  "backup list size": 64,
  "beta": 1.0,
  "cand list size": 16,
  "count new edges": 0,
  "gbest as source prob": 0.01,
  "id": "default",
  "iterations": 12000,
  "keep better ant sol": 1,
  "local search": 1,
  "ls cand list size": 20,
  "min new edges": 16,
  "p best": 0.1,
  "picture": true,
  "problem": "large_instances/pr2392.tsp",
  "repeat": 1,
  "results dir": "results",
  "rho": 0.5,
  "seed": 3775870545,
  "source sol local update": 1,
  "threads": 10
 },
 "executions": [
  {
   "ants solutions updates": 13585,
   "best sol cost iterations": [
    0,
    1,
    2,
    3,
    4,
    5,
    6,
    7,
    8,
    9,
    10,
    11,
    12,
    13,
    14,
    15,
    16,
    17,
    18,
    19,
    20,
    21,
    22,
    23,
    24,
    25,
    26,
    27,
    28,
    29,
    30,
    31,
    32,
    33,
    34,
    35,
    36,
    37,
    38,
    39,
    41,
    43,
    44,
    45,
    46,
    47,
    48,
    49,
    50,
    51,
    52,
    53,
    54,
    55,
    56,
    57,
    58,
    59,
    60,
    61,
    62,
    63,
    64,
    65,
    66,
    68,
    70,
    71,
    72,
    73,
    75,
    77,
    78,
    81,
    82,
    83,
    84,
    86,
    87,
    88,
    90,
    91,
    92,
    94,
    97,
    99,
    102,
    103,
    104,
    105,
    106,
    108,
    109,
    110,
    112,
    113,
    115,
    118,
    120,
    121,
    123,
    124,
    127,
    131,
    132,
    133,
    137,
    147,
    149,
    150,
    153,
    159,
    208,
    233,
    280,
    290,
    293,
    294,
    300,
    302,
    312,
    315,
    319,
    320,
    323,
    355,
    364,
    365,
    366,
    368,
    369,
    370,
    372,
    375,
    377,
    389,
    392,
    393,
    396,
    397,
    402,
    494,
    539,
    672,
    675,
    824,
    825,
    834,
    1870,
    2767,
    2768,
    3851,
    3861,
    3919,
    4181,
    4190,
    4200,
    4209
   ],
   "best sol cost times": [
    0.000885,
    0.001701,
    0.002698,
    0.00383,
    0.005274,
    0.007136,
    0.009839,
    0.013298,
    0.016816,
    0.020332,
    0.025302,
    0.028777,
    0.032375,
    0.036228,
    0.040416,
    0.044126,
    0.048194,
    0.0526,
    0.056625,
    0.060549,
    0.064756,
    0.068649,
    0.072561,
    0.076739,
    0.080913,
    0.084693,
    0.088383,
    0.092491,
    0.09636,
    0.10016,
    0.103501,
    0.107165,
    0.110979,
    0.115024,
    0.119045,
    0.122872,
    0.126611,
    0.130492,
    0.134419,
    0.138625,
    0.147156,
    0.155266,
    0.159059,
    0.16256,
    0.16656,
    0.170401,
    0.173973,
    0.177437,
    0.181402,
    0.185123,
    0.18872,
    0.192345,
    0.196461,
    0.200674,
    0.204732,
    0.209201,
    0.213082,
    0.217007,
    0.220969,
    0.22447,
    0.228437,
    0.232314,
    0.236513,
    0.240577,
    0.244732,
    0.254173,
    0.26271,
    0.267016,
    0.270854,
    0.275031,
    0.283867,
    0.291693,
    0.295553,
    0.3087,
    0.31242,
    0.316833,
    0.3209,
    0.329168,
    0.332928,
    0.337052,
    0.346134,
    0.350466,
    0.355108,
    0.363746,
    0.376901,
    0.385949,
    0.398307,
    0.402184,
    0.405822,
    0.409821,
    0.413483,
    0.421478,
    0.425563,
    0.429592,
    0.438237,
    0.441879,
    0.449375,
    0.461475,
    0.470412,
    0.475,
    0.484724,
    0.489476,
    0.502912,
    0.520205,
    0.524219,
    0.527891,
    0.544837,
    0.587966,
    0.596695,
    0.600576,
    0.613756,
    0.639742,
    0.845015,
    0.951049,
    1.178923,
    1.244669,
    1.260191,
    1.263578,
    1.290532,
    1.304178,
    1.367653,
    1.387715,
    1.411123,
    1.423632,
    1.441025,
    1.618143,
    1.656926,
    1.660952,
    1.665252,
    1.673213,
    1.67733,
    1.681694,
    1.690294,
    1.703866,
    1.712256,
    1.764447,
    1.776783,
    1.780599,
    1.795073,
    1.799061,
    1.821053,
    2.22839,
    2.423437,
    2.988577,
    3.001215,
    3.641365,
    3.646545,
    3.688414,
    8.564132,
    12.495676,
    12.501939,
    17.011785,
    17.052406,
    17.295836,
    18.411041,
    18.448317,
    18.497552,
    18.540655
   ],
   "best sol cost values": [
    392786.0,
    392114.0,
    391410.0,
    390921.0,
    390353.0,
    389956.0,
    389610.0,
    389112.0,
    388735.0,
    388441.0,
    388358.0,
    388221.0,
    388051.0,
    387967.0,
    387847.0,
    387742.0,
    387675.0,
    387422.0,
    387232.0,
    387144.0,
    386930.0,
    386778.0,
    386529.0,
    386395.0,
    386376.0,
    386282.0,
    385891.0,
    385798.0,
    385612.0,
    385597.0,
    385579.0,
    385448.0,
    385279.0,
    385131.0,
    385008.0,
    384980.0,
    384913.0,
    384868.0,
    384823.0,
    384745.0,
    384707.0,
    384633.0,
    384569.0,
    384176.0,
    384156.0,
    384107.0,
    383983.0,
    383950.0,
    383921.0,
    383799.0,
    383766.0,
    383719.0,
    383649.0,
    383621.0,
    383570.0,
    383566.0,
    383520.0,
    383330.0,
    383322.0,
    383264.0,
    383212.0,
    383147.0,
    383142.0,
    383136.0,
    383044.0,
    383006.0,
    382985.0,
    382960.0,
    382900.0,
    382875.0,
    382664.0,
    382654.0,
    382582.0,
    382578.0,
    382541.0,
    382397.0,
    382353.0,
    382324.0,
    382308.0,
    382263.0,
    382247.0,
    382235.0,
    382175.0,
    382131.0,
    382123.0,
    382048.0,
    381987.0,
    381898.0,
    381892.0,
    381863.0,
    381812.0,
    381771.0,
    381766.0,
    381731.0,
    381715.0,
    381698.0,
    381682.0,
    381638.0,
    381598.0,
    381540.0,
    381495.0,
    381430.0,
    381361.0,
    381340.0,
    381325.0,
    381216.0,
    381168.0,
    381166.0,
    381161.0,
    381123.0,
    381115.0,
    381100.0,
    381084.0,
    381065.0,
    381054.0,
    381015.0,
    380978.0,
    380965.0,
    380959.0,
    380944.0,
    380906.0,
    380886.0,
    380878.0,
    380849.0,
    380794.0,
    380778.0,
    380749.0,
    380736.0,
    380689.0,
    380643.0,
    380614.0,
    380517.0,
    380488.0,
    380482.0,
    380469.0,
    380424.0,
    380383.0,
    380368.0,
    380198.0,
    379970.0,
    379944.0,
    379889.0,
    379886.0,
    379868.0,
    379838.0,
    379724.0,
    379686.0,
    379685.0,
    379652.0,
    379639.0,
    379594.0,
    379591.0,
    379503.0,
    379392.0,
    379390.0,
    379373.0,
    379369.0,
    379325.0
   ],
   "execution time": 23.945382069,
   "final cost": 379325.0,
   "final error": 0.3420345367587929,
   "finished_at": "2024-04-22--04:44:01",
   "initial sol cost": 393549.0,
   "initial solutions build time": 0.019678886,
   "local source solutions updates": 414,
   "pher_deposition_time": 0.1823718439982258,
   "sol cost mean recorded every ith iter": 20,