{
 "args": {
  "alg": "first_new_edge_mfaco",
  "ants": 256,
  "backup list size": 64,
  "beta": 1.0,
  "cand list size": 16,
  "count new edges": 0,
  "gbest as source prob": 0.01,
  "id": "default",
  "iterations": 12000,
  "keep better ant sol": 1,
  "local search": 1,
  "ls cand list size": 20,
  "min new edges": 16,
  "p best": 0.1,
  "picture": true,
  "problem": "large_instances/pr2392.tsp",
  "repeat": 1,
  "results dir": "results",
  "rho": 0.5,
  "seed": 693001102,
  "source sol local update": 1,
  "threads": 10
 },
 "executions": [
  {
   "ants solutions updates": 12563,
   "best sol cost iterations": [
    0,
    1,
    2,
    3,
    4,
    5,
    6,
    7,
    8,
    9,
    10,
    11,
    12,
    13,
    14,
    15,
    16,
    17,
    18,
    19,
    20,
    21,
    22,
    23,
    24,
    25,
    26,
    27,
    28,
    29,
    30,
    31,
    32,
    33,
    34,
    35,
    36,
    37,
    38,
    39,
    40,
    41,
    42,
    43,
    45,
    46,
    47,
    48,
    49,
    50,
    51,
    52,
    53,
    54,
    55,
    56,
    57,
    60,
    61,
    62,
    63,
    65,
    66,
    68,
    70,
    71,
    73,
    74,
    75,
    76,
    77,
    78,
    80,
    82,
    85,
    86,
    87,
    89,
    91,
    92,
    93,
    113,
    122,
    135,
    137,
    145,
    147,
    149,
    155,
    174,
    179,
    187,
    188,
    189,
    192,
    196,
    199,
    207,
    208,
    224,
    242,
    273,
    782,
    800,
    860,
    875,
    877,
    895,
    898,
    899,
    1383,
    1384,
    1385,
    1386,
    1387,
    1388,
    1389,
    1391,
    1394,
    1395,
    1398,
    1400,
    1404,
    1405,
    1418,
    1453,
    1477,
    1480,
    1820,
    1829,
    2558,
    2560,
    2578,
    2580,
    2646,
    2876
   ],
   "best sol cost times": [
    0.000839,
    0.001647,
    0.002549,
    0.003583,
    0.004815,
    0.006596,
    0.009332,
    0.012886,
    0.01638,
    0.020337,
    0.024055,
    0.027807,
    0.031488,
    0.035308,
    0.039478,
    0.043379,
    0.047389,
    0.051752,
    0.055627,
    0.059265,
    0.063683,
    0.067629,
    0.071518,
    0.07527,
    0.079064,
    0.082969,
    0.08722,
    0.091285,
    0.095169,
    0.099149,
    0.103401,
    0.107343,
    0.111682,
    0.115648,
    0.119509,
    0.123345,
    0.127701,
    0.13143,
    0.135649,
    0.140019,
    0.145024,
    0.148953,
    0.15324,
    0.157113,
    0.166922,
    0.171031,
    0.175102,
    0.179052,
    0.183331,
    0.187419,
    0.191602,
    0.196293,
    0.199994,
    0.204179,
    0.208388,
    0.212769,
    0.216892,
    0.228825,
    0.23332,
    0.237976,
    0.242196,
    0.250964,
    0.255012,
    0.263352,
    0.271054,
    0.275503,
    0.283564,
    0.288451,
    0.292987,
    0.297132,
    0.301249,
    0.30565,
    0.313987,
    0.322662,
    0.336296,
    0.340424,
    0.3446,
    0.352594,
    0.360945,
    0.364832,
    0.369173,
    0.45489,
    0.493755,
    0.554435,
    0.563091,
    0.596449,
    0.604683,
    0.612409,
    0.63738,
    0.718312,
    0.741097,
    0.775756,
    0.779923,
    0.784346,
    0.796817,
    0.813588,
    0.82554,
    0.859801,
    0.864423,
    0.932044,
    1.006601,
    1.141494,
    3.294984,
    3.372402,
    3.620317,
    3.681126,
    3.689266,
    3.764455,
    3.777343,
    3.781266,
    5.754375,
    5.758017,
    5.761887,
    5.765832,
    5.770539,
    5.774883,
    5.778548,
    5.786317,
    5.797371,
    5.801832,
    5.813495,
    5.821305,
    5.836924,
    5.841061,
    5.894134,
    6.033962,
    6.133261,
    6.144965,
    7.538122,
    7.575498,
    10.580272,
    10.58889,
    10.677071,
    10.684797,
    10.969424,
    11.948776
   ],
   "best sol cost values": [
    393296.0,
    391698.0,
    390740.0,
    390318.0,
    389567.0,
    389025.0,
    388559.0,
    387787.0,
    387655.0,
    387577.0,
    387162.0,
    387030.0,
    386818.0,
    386617.0,
    386483.0,
    386372.0,
    386053.0,
    385916.0,
    385799.0,
    385683.0,
    385621.0,
    385322.0,
    384871.0,
    384389.0,
    384144.0,
    383903.0,
    383815.0,
    383770.0,
    383733.0,
    383568.0,
    383512.0,
    383151.0,
    382897.0,
    382802.0,
    382723.0,
    382635.0,
    382605.0,
    382423.0,
    382221.0,
    381870.0,
    381751.0,
    381729.0,
    381605.0,
    381507.0,
    381505.0,
    381460.0,
    381407.0,
    381405.0,
    381360.0,
    381280.0,
    381222.0,
    381199.0,
    381193.0,
    381152.0,
    381061.0,
    380999.0,
    380865.0,
    380860.0,
    380796.0,
    380669.0,
    380665.0,
    380649.0,
    380636.0,
    380598.0,
    380520.0,
    380467.0,
    380461.0,
    380399.0,
    380377.0,
    380371.0,
    380333.0,
    380308.0,
    380297.0,
    380293.0,
    380257.0,
    380245.0,
    380216.0,
    380191.0,
    380146.0,
    380090.0,
    380065.0,
    380060.0,
    380058.0,
    380033.0,
    379951.0,
    379941.0,
    379854.0,
    379838.0,
    379822.0,
    379772.0,
    379771.0,
    379762.0,
    379729.0,
    379672.0,
    379667.0,
    379648.0,
    379612.0,
    379607.0,
    379566.0,
    379561.0,
    379538.0,
    379533.0,
    379520.0,
    379519.0,
    379483.0,
    379380.0,
    379345.0,
    379323.0,
    379322.0,
    379285.0,
    379262.0,
    379247.0,
    379159.0,
    379134.0,
    379022.0,
    378984.0,
    378954.0,
    378949.0,
    378936.0,
    378880.0,
    378855.0,
    378788.0,
    378653.0,
    378650.0,
    378557.0,
    378491.0,
    378479.0,
    378453.0,
    378447.0,
    378376.0,
    378323.0,
    378285.0,
    378220.0,
    378195.0,
    378146.0,
    378125.0
   ],
   "execution time": 23.94635411,
   "final cost": 378125.0,
   "final error": 0.02460109197105007,
   "finished_at": "2024-04-22--10:30:47",
   "initial sol cost": 393930.0,
   "initial solutions build time": 0.022476652,
   "local source solutions updates": 408,
   "pher_deposition_time": 0.18136909905661014,
   "sol cost mean recorded every ith iter": 20,