{
 "args": {
  "alg": "first_new_edge_mfaco",
  "ants": 896,
  "backup list size": 64,
  "beta": 1.0,
  "cand list size": 16,
  "count new edges": 0,
  "gbest as source prob": 0.01,
  "id": "default",
  "iterations": 12000,
  "keep better ant sol": 1,
  "local search": 1,
  "ls cand list size": 20,
  "min new edges": 16,
  "p best": 0.1,
  "picture": true,
  "problem": "large_instances/Tnm30001.tsp",
  "repeat": 1,
  "results dir": "results",
  "rho": 0.5,
  "seed": 3184641745,
  "source sol local update": 1,
  "threads": 10
 },
 "executions": [
  {
   "ants solutions updates": 90557,
   "best sol cost iterations": [
    0,
    1,
    2,
    3,
    4,
    5,
    6,
    7,
    8,
    9,
    10,
    11,
    13,
    25,
    26,
    29,
    50,
    52,
    53,
    78,
    109,
    125,
    129,
    131,
    133,
    152,
    171,
    183,
    193,
    196,
    204,
    210,
    222,
    227,
    244,
    275,
    277,
    286,
    288,
    291,
    311,
    321,
    323,
    336,
    345,
    351,
    377,
    398,
    408,
    427,
    444,
    525,
    527,
    542,
    543,
    576,
    588,
    590,
    604,
    623,
    633,
    641,
    663,
    667,
    731,
    734,
    739,
    767,
    770,
    794,
    797,
    813,
    832,
    912,
    939,
    962,
    992,
    1018,
    1022,
    1029,
    1053,
    1086,
    1088,
    1096,
    1145,
    1173,
    1246,
    1253,
    1281,
    1316,
    1324,
    1389,
    1436,
    1567,
    1592,
    1657,
    1705,
    1798,
    1838,
    1985,
    1988,
    2261,
    2925,
    3331,
    3472,
    3847,
    3970,
    4523,
    4676,
    6124,
    6140,
    6367
   ],
   "best sol cost times": [
    0.004292,
    0.011036,
    0.018131,
    0.025507,
    0.035416,
    0.052778,
    0.082276,
    0.12289,
    0.173075,
    0.228707,
    0.285518,
    0.330467,
    0.431909,
    1.123329,
    1.175908,
    1.339844,
    2.470835,
    2.571837,
    2.632276,
    3.886762,
    5.388459,
    6.198578,
    6.421306,
    6.540546,
    6.638452,
    7.59902,
    8.572071,
    9.18869,
    9.728551,
    9.876902,
    10.311998,
    10.618945,
    11.246152,
    11.507737,
    12.397576,
    13.976681,
    14.073726,
    14.625799,
    14.742079,
    14.9464,
    16.19418,
    16.823218,
    16.962426,
    17.793211,
    18.265902,
    18.524234,
    19.617671,
    20.510378,
    20.965469,
    21.763514,
    22.50173,
    25.92251,
    26.006325,
    26.655002,
    26.692537,
    28.034547,
    28.535861,
    28.622689,
    29.263298,
    30.117817,
    30.548109,
    30.890098,
    31.83619,
    31.994112,
    34.668454,
    34.80972,
    35.053717,
    36.388938,
    36.534314,
    37.664557,
    37.817398,
    38.585646,
    39.526341,
    43.295464,
    44.587059000000004,
    45.632968,
    47.070355,
    48.290692,
    48.48334,
    48.7895,
    49.944669,
    51.402334,
    51.495111,
    51.843965,
    54.100328,
    55.487122,
    58.883917,
    59.211527,
    60.463312,
    62.100889,
    62.453973,
    65.468457,
    67.600866,
    73.609574,
    74.71127,
    77.662153,
    79.867105,
    84.086388,
    85.925266,
    92.421816,
    92.560197,
    104.878371,
    135.183807,
    153.539203,
    159.947846,
    176.888663,
    182.396892,
    207.418564,
    214.437206,
    279.887451,
    280.59908,
    290.824496
   ],
   "best sol cost values": [
    566990387.0,
    566990326.0,
    566980164.0,
    566980159.0,
    566980156.0,
    566980048.0,
    566980013.0,
    566978339.0,
    566978338.0,
    566978199.0,
    566978197.0,
    566978196.0,
    566978195.0,
    566974786.0,
    566974779.0,
    566974778.0,
    566974777.0,
    566974688.0,
    566974687.0,
    566974686.0,
    566974685.0,
    566974684.0,
    566974683.0,
    566974209.0,
    566973991.0,
    566973988.0,
    566973987.0,
    566973985.0,
    566973984.0,
    566973983.0,
    566973981.0,
    566973980.0,
    566973979.0,
    566973978.0,
    566973977.0,
    566973976.0,
    566973266.0,
    566973265.0,
    566973264.0,
    566973263.0,
    566973262.0,
    566973260.0,
    566973258.0,
    566973257.0,
    566973256.0,
    566973255.0,
    566973254.0,
    566973253.0,
    566973252.0,
    566973251.0,
    566973250.0,
    566973249.0,
    566973248.0,
    566973247.0,
    566973246.0,
    566973244.0,
    566973243.0,
    566973242.0,
    566973241.0,
    566973240.0,
    566973239.0,
    566973238.0,
    566973237.0,
    566973236.0,
    566973235.0,
    566973234.0,
    566973233.0,
    566973232.0,
    566973231.0,
    566973230.0,
    566973229.0,
    566973228.0,
    566973227.0,
    566973226.0,
    566973225.0,
    566973224.0,
    566973223.0,
    566973221.0,
    566973220.0,
    566973219.0,
    566973218.0,
    566973217.0,
    566973216.0,
    566973215.0,
    566973214.0,
    566973213.0,
    566973212.0,
    566973211.0,
    566973210.0,
    566973209.0,
    566973208.0,
    566973207.0,
    566973206.0,
    566973205.0,
    566973204.0,
    566973203.0,
    566973202.0,
    566973201.0,
    566973200.0,
    566973199.0,
    566973198.0,
    566973197.0,
    566973196.0,
    566973195.0,
    566973194.0,
    566973193.0,
    566973192.0,
    566973191.0,
    566973190.0,
    566973189.0,
    566973188.0,
    566973187.0
   ],
   "execution time": 300.52525929,
   "final cost": 566973187.0,
   "final error": -1.9224891325393217e-05,
   "finished_at": "2024-04-22--04:51:34",
   "initial sol cost": 567042152.0,
   "initial solutions build time": 0.375948049,
   "local source solutions updates": 141,
   "pher_deposition_time": 2.4179707499972665,
   "sol cost mean recorded every ith iter": 20,