{
 "args": {
  "alg": "first_new_edge_mfaco",
  "ants": 256,
  "backup list size": 64,
  "beta": 1.0,
  "cand list size": 16,
  "count new edges": 0,
  "gbest as source prob": 0.01,
  "id": "default",
  "iterations": 12000,
  "keep better ant sol": 1,
  "local search": 1,
  "ls cand list size": 20,
  "min new edges": 16,
  "p best": 0.1,
  "picture": true,
  "problem": "large_instances/pr2392.tsp",
  "repeat": 1,
  "results dir": "results",
  "rho": 0.5,
  "seed": 2623632132,
  "source sol local update": 1,
  "threads": 10
 },
 "executions": [
  {
   "ants solutions updates": 16028,
   "best sol cost iterations": [
    0,
    1,
    2,
    3,
    4,
    5,
    6,
    7,
    8,
    9,
    10,
    11,
    12,
    13,
    14,
    15,
    16,
    17,
    18,
    19,
    20,
    21,
    22,
    23,
    24,
    25,
    26,
    27,
    28,
    29,
    30,
    31,
    32,
    33,
    34,
    37,
    38,
    39,
    41,
    42,
    43,
    44,
    46,
    47,
    49,
    51,
    55,
    56,
    57,
    58,
    59,
    60,
    61,
    62,
    63,
    67,
    69,
    70,
    72,
    73,
    76,
    79,
    83,
    84,
    87,
    89,
    90,
    95,
    96,
    97,
    98,
    99,
    101,
    102,
    103,
    104,
    111,
    113,
    115,
    119,
    123,
    126,
    143,
    157,
    160,
    171,
    174,
    177,
    188,
    189,
    193,
    201,
    238,
    242,
    243,
    246,
    252,
    268,
    276,
    286,
    312,
    331,
    340,
    343,
    345,
    346,
    357,
    368,
    377,
    415,
    435,
    436,
    440,
    441,
    442,
    443,
    469,
    473,
    474,
    476,
    477,
    560,
    564,
    604,
    607,
    610,
    612,
    676,
    1856,
    1864,
    1865,
    1914,
    1930,
    1931,
    1933,
    1935,
    1988,
    1992,
    1994,
    2384,
    2514,
    2667,
    2670,
    2672,
    2678,
    2683,
    2706,
    2727,
    2764,
    2778,
    2779,
    2780,
    2781,
    2802,
    2813,
    2837,
    2841,
    2845,
    4267,
    4270,
    4271,
    4272,
    4279,
    4282,
    4284,
    4331,
    4332,
    4333,
    4334,
    4335,
    4338,
    4340,
    4358,
    4359,
    4387,
    4408,
    4807,
    4810,
    4812
   ],
   "best sol cost times": [
    0.000801,
    0.001632,
    0.002495,
    0.003518,
    0.004995,
    0.006846,
    0.009881,
    0.013625,
    0.017621,
    0.021472,
    0.025161,
    0.028676,
    0.032396,
    0.036035,
    0.039636,
    0.04347,
    0.047255,
    0.051378,
    0.055364,
    0.059437,
    0.063527,
    0.067584,
    0.071488,
    0.075173,
    0.078962,
    0.082542,
    0.086187,
    0.089898,
    0.093662,
    0.098323,
    0.10209,
    0.105888,
    0.11034,
    0.114321,
    0.118377,
    0.130997,
    0.13498,
    0.139095,
    0.148177,
    0.152552,
    0.156856,
    0.16114,
    0.170156,
    0.174066,
    0.181393,
    0.190326,
    0.207771,
    0.211821,
    0.215869,
    0.220376,
    0.224698,
    0.228678,
    0.232734,
    0.236683,
    0.240916,
    0.256936,
    0.26477,
    0.268855,
    0.27734,
    0.281658,
    0.293787,
    0.307075,
    0.322939,
    0.326875,
    0.33892,
    0.347257,
    0.350927,
    0.371565,
    0.376075,
    0.380336,
    0.384638,
    0.388729,
    0.396535,
    0.40062,
    0.404523,
    0.4085,
    0.438002,
    0.446334,
    0.454233,
    0.47061,
    0.487068,
    0.500327,
    0.573174,
    0.63575,
    0.64753,
    0.693445,
    0.705834,
    0.718088,
    0.763084,
    0.766869,
    0.782894,
    0.815915,
    0.96868,
    0.9849,
    0.988983,
    1.001977,
    1.027155,
    1.094182,
    1.129514,
    1.172405,
    1.284796,
    1.375781,
    1.418829,
    1.43248,
    1.439882,
    1.443874,
    1.488644,
    1.534232,
    1.572919,
    1.742895,
    1.837285,
    1.8409469999999999,
    1.858793,
    1.863522,
    1.868258,
    1.873061,
    1.997179,
    2.016766,
    2.021655,
    2.030581,
    2.034868,
    2.403687,
    2.421617,
    2.625626,
    2.640181,
    2.655429,
    2.665155,
    2.989622,
    8.829887,
    8.866741,
    8.871269,
    9.10175,
    9.175735,
    9.180202,
    9.190134,
    9.199881,
    9.456908,
    9.476595,
    9.486719,
    11.34184,
    11.933919,
    12.624896,
    12.636705,
    12.64481,
    12.669728,
    12.689292,
    12.786899,
    12.879921,
    13.042895,
    13.102539,
    13.107043000000001,
    13.111334,
    13.115569,
    13.211111,
    13.258242,
    13.366324,
    13.3846,
    13.403583,
    20.097097,
    20.109963,
    20.114379,
    20.11948,
    20.151659,
    20.164679,
    20.173502,
    20.38179,
    20.386018,
    20.389926,
    20.394186,
    20.398281,
    20.411547,
    20.420355,
    20.49952,
    20.503613,
    20.634935,
    20.736108,
    22.50274,
    22.515044,
    22.523904
   ],
   "best sol cost values": [
    392997.0,
    391442.0,
    390724.0,
    390304.0,
    389388.0,
    388910.0,
    388673.0,
    388252.0,
    387769.0,
    387616.0,
    387339.0,
    386973.0,
    386814.0,
    386649.0,
    386314.0,
    386192.0,
    386187.0,
    386186.0,
    386013.0,
    385879.0,
    385713.0,
    385658.0,
    385564.0,
    385526.0,
    385467.0,
    385378.0,
    385207.0,
    385032.0,
    385012.0,
    384950.0,
    384892.0,
    384822.0,
    384666.0,
    384553.0,
    384535.0,
    384486.0,
    384382.0,
    384294.0,
    384223.0,
    384190.0,
    384162.0,
    384157.0,
    384084.0,
    384080.0,
    384023.0,
    384001.0,
    383983.0,
    383927.0,
    383923.0,
    383885.0,
    383863.0,
    383806.0,
    383804.0,
    383790.0,
    383708.0,
    383658.0,
    383644.0,
    383638.0,
    383573.0,
    383556.0,
    383498.0,
    383443.0,
    383385.0,
    383369.0,
    383366.0,
    383338.0,
    383337.0,
    383306.0,
    383284.0,
    383278.0,
    383277.0,
    383225.0,
    383222.0,
    383130.0,
    383085.0,
    383056.0,
    383055.0,
    382978.0,
    382976.0,
    382938.0,
    382925.0,
    382909.0,
    382853.0,
    382848.0,
    382834.0,
    382828.0,
    382816.0,
    382753.0,
    382740.0,
    382724.0,
    382723.0,
    382708.0,
    382690.0,
    382686.0,
    382682.0,
    382678.0,
    382655.0,
    382603.0,
    382599.0,
    382584.0,
    382579.0,
    382563.0,
    382544.0,
    382526.0,
    382489.0,
    382452.0,
    382451.0,
    382399.0,
    382383.0,
    382353.0,
    382325.0,
    382301.0,
    382202.0,
    382184.0,
    382174.0,
    382139.0,
    382112.0,
    382031.0,
    382029.0,
    382016.0,
    381991.0,
    381987.0,
    381936.0,
    381924.0,
    381846.0,
    381840.0,
    381781.0,
    381772.0,
    381714.0,
    381711.0,
    381703.0,
    381698.0,
    381677.0,
    381661.0,
    381619.0,
    381614.0,
    381597.0,
    381566.0,
    381551.0,
    381452.0,
    381445.0,
    381376.0,
    381267.0,
    381233.0,
    381184.0,
    381049.0,
    381046.0,
    380998.0,
    380994.0,
    380964.0,
    380937.0,
    380921.0,
    380913.0,
    380910.0,
    380866.0,
    380854.0,
    380843.0,
    380818.0,
    380772.0,
    380759.0,
    380742.0,
    380671.0,
    380609.0,
    380577.0,
    380571.0,
    380502.0,
    380394.0,
    380390.0,
    380383.0,
    380294.0,
    380221.0,
    380183.0,
    380170.0,
    380169.0,
    380098.0,
    380093.0,
    380032.0,
    380025.0,
    379973.0
   ],
   "execution time": 23.947974915000003,
   "final cost": 379973.0,
   "final error": 0.513448596944174,
   "finished_at": "2024-04-22--07:37:24",
   "initial sol cost": 394584.0,
   "initial solutions build time": 0.02020315,
   "local source solutions updates": 395,
   "pher_deposition_time": 0.1902574589184951,
   "sol cost mean recorded every ith iter": 20,