{
 "args": {
  "alg": "force_mfaco",
  "ants": 896,
  "backup list size": 64,
  "beta": 1.0,
  "cand list size": 16,
  "count new edges": 0,
  "gbest as source prob": 0.01,
  "id": "default",
  "iterations": 5000,
  "keep better ant sol": 1,
  "local search": 1,
  "ls cand list size": 20,
  "min new edges": 8,
  "p best": 0.1,
  "picture": true,
  "problem": "large_instances/Tnm30001.tsp",
  "repeat": 1,
  "results dir": "results",
  "rho": 0.5,
  "seed": 946788791,
  "source sol local update": 1,
  "threads": 0
 },
 "executions": [
  {
   "ants solutions updates": 51570,
   "best sol cost iterations": [
    0,
    1,
    4,
    5,
    6,
    7,
    8,
    9,
    10,
    11,
    12,
    13,
    14,
    15,
    16,
    17,
    18,
    19,
    20,
    21,
    22,
    23,
    26,
    27,
    28,
    30,
    31,
    33,
    34,
    36,
    37,
    38,
    40,
    42,
    44,
    45,
    47,
    50,
    52,
    55,
    57,
    62,
    63,
    65,
    99,
    222,
    267,
    290,
    297,
    1269,
    1331,
    1383,
    1751,
    3171,
    3255,
    3262,
    3322,
    3393,
    3405,
    3444,
    3805,
    3863,
    3900,
    4162,
    4554,
    4630
   ],
   "best sol cost times": [
    0.003582,
    0.00926,
    0.03282,
    0.051999,
    0.109443,
    0.127176,
    0.186304,
    0.219296,
    0.231481,
    0.246317,
    0.262106,
    0.36941,
    0.426309,
    0.448708,
    0.47397,
    0.503597,
    0.567916,
    0.61877,
    0.67289,
    0.688083,
    0.778443,
    0.835116,
    0.963651,
    1.012226,
    1.053362,
    1.167458,
    1.213312,
    1.283954,
    1.330398,
    1.382546,
    1.401022,
    1.447243,
    1.536417,
    1.64387,
    1.739391,
    1.786716,
    1.959819,
    2.076425,
    2.182579,
    2.285185,
    2.373654,
    2.589017,
    2.630891,
    2.716675,
    4.226304,
    8.826758,
    10.700552,
    11.708699,
    12.008888,
    51.270162,
    53.788954,
    55.836503,
    70.845591,
    127.462004,
    128.928575,
    129.06201,
    129.926145,
    130.946164,
    131.159805,
    131.712362,
    137.010782,
    137.945931,
    138.533822,
    142.580481,
    148.4063,
    149.583149
   ],
   "best sol cost values": [
    567081388.0,
    567027756.0,
    567016092.0,
    567007283.0,
    566999985.0,
    566994563.0,
    566990403.0,
    566986981.0,
    566981047.0,
    566978977.0,
    566978964.0,
    566976690.0,
    566976678.0,
    566975298.0,
    566975200.0,
    566974822.0,
    566974659.0,
    566974477.0,
    566974267.0,
    566974263.0,
    566974239.0,
    566974125.0,
    566974117.0,
    566974115.0,
    566974104.0,
    566974068.0,
    566974060.0,
    566974049.0,
    566974048.0,
    566973326.0,
    566973322.0,
    566973320.0,
    566973315.0,
    566973310.0,
    566973309.0,
    566973308.0,
    566973307.0,
    566973306.0,
    566973305.0,
    566973304.0,
    566973302.0,
    566973212.0,
    566973211.0,
    566973210.0,
    566973209.0,
    566973208.0,
    566973207.0,
    566973206.0,
    566973205.0,
    566973204.0,
    566973203.0,
    566973202.0,
    566973201.0,
    566973200.0,
    566973199.0,
    566973198.0,
    566973197.0,
    566973196.0,
    566973195.0,
    566973194.0,
    566973193.0,
    566973192.0,
    566973191.0,
    566973190.0,
    566973189.0,
    566973188.0
   ],
   "execution time": 155.38446791500002,
   "final cost": 566973188.0,
   "final error": -1.9048516175618966e-05,
   "finished_at": "2024-03-21T10:42:58.953922351",
   "initial sol cost": 567084487.0,
   "initial solutions build time": 0.295588167,
   "local source solutions updates": 193,
   "pher_deposition_time": 1.862221896459232,
   "sol cost mean recorded every ith iter": 20,
   "sol cost mean values": [
    567084212.2,
    566974502.3,
    566973322.4,
    566973302.2,
    566973210.0,
    566973209.4,
    566973209.0,
    566973209.0,
    566973209.0,
    566973209.0,
    566973209.0,
    566973209.0,
    566973208.0,
    566973208.0,
    566973207.0,
    566973205.1,
    566973205.0,
    566973205.0,
    566973205.0,
    566973205.0,
    566973205.0,
    566973205.0,
    566973205.0,
    566973205.0,
    566973205.0,
    566973205.0,
    566973205.0,
    566973205.0,
    566973205.0,
    566973205.0,
    566973205.0,
    566973205.0,
    566973205.0,
    566973205.0,
    566973205.0,
    566973205.0,
    566973205.0,
    566973205.0,
    566973205.0,
    566973205.0,
    566973205.0,
    566973205.0,
    566973205.0,
    566973205.0,
    566973205.0,
    566973205.0,
    566973205.0,
    566973205.0,
    566973205.0,
    566973205.0,
    566973205.0,
    566973205.0,
    566973205.0,
    566973205.0,
    566973205.0,
    566973205.0,
    566973205.0,
    566973205.0,
    566973205.0,
    566973205.0,
    566973205.0,
    566973205.0,
    566973205.0,
    566973205.0,
    566973204.0,
    566973204.0,
    566973204.0,
    566973203.0,
    566973203.0,
    566973203.0,
    566973202.0,
    566973202.0,
    566973202.0,
    566973202.0,
    566973202.0,
    566973202.0,
    566973202.0,
    566973202.0,
    566973202.0,
    566973202.0,
    566973202.0,
    566973202.0,
    566973202.0,
    566973202.0,
    566973202.0,
    566973202.0,
    566973202.0,
    566973202.0,
    566973201.0,
    566973201.0,
    566973201.0,
    566973201.0,
    566973201.0,
    566973201.0,
    566973201.0,
    566973201.0,
    566973201.0,
    566973201.0,
    566973201.0,
    566973201.0,
    566973201.0,
    566973201.0,
    566973201.0,
    566973201.0,
    566973201.0,
    566973201.0,
    566973201.0,
    566973201.0,
    566973201.0,
    566973201.0,
    566973201.0,
    566973201.0,
    566973201.0,
    566973201.0,
    566973201.0,
    566973201.0,
    566973201.0,
    566973201.0,
    566973201.0,
    566973201.0,
    566973201.0,
    566973201.0,
    566973201.0,
    566973201.0,
    566973201.0,
    566973201.0,
    566973201.0,
    566973201.0,
    566973201.0,
    566973201.0,
    566973201.0,
    566973201.0,
    566973201.0,
    566973201.0,
    566973201.0,
    566973201.0,
    566973201.0,
    566973201.0,
    566973201.0,
    566973201.0,
    566973201.0,
    566973201.0,
    566973201.0,
    566973201.0,
    566973201.0,
    566973201.0,
    566973201.0,
    566973201.0,
    566973201.0,
    566973201.0,
    566973201.0,
    566973201.0,
    566973201.0,
    566973201.0,
    566973201.0,
    566973201.0,
    566973201.0,
    566973201.0,
    566973201.0,
    566973200.0,
    566973200.0,
    566973200.0,
    566973200.0,
    566973199.0,
    566973198.0,
    566973198.0,
    566973198.0,
    566973197.0,
    566973197.0,
    566973197.0,
    566973196.0,
    566973195.0,
    566973195.0,
    566973194.0,
    566973194.0,
    566973194.0,
    566973194.0,
    566973194.0,
    566973194.0,
    566973194.0,
    566973194.0,
    566973194.0,
    566973194.0,
    566973194.0,
    566973194.0,
    566973194.0,
    566973194.0,
    566973194.0,
    566973194.0,
    566973194.0,
    566973194.0,
    566973193.0,
    566973193.0,
    566973193.0,
    566973192.0,
    566973192.0,
    566973191.0,
    566973191.0,
    566973191.0,
    566973191.0,
    566973191.0,
    566973191.0,
    566973191.0,
    566973191.0,
    566973191.0,
    566973191.0,
    566973191.0,
    566973191.0,
    566973191.0,
    566973190.0,
    566973190.0,
    566973190.0,
    566973190.0,
    566973190.0,
    566973190.0,
    566973190.0,
    566973190.0,
    566973190.0,
    566973190.0,
    566973190.0,
    566973190.0,
    566973190.0,
    566973190.0,
    566973190.0,
    566973190.0,
    566973190.0,
    566973190.0,
    566973190.0,
    566973189.0,
    566973189.0,
    566973189.0,
    566973189.0,
    566973188.0,
    566973188.0,
    566973188.0,
    566973188.0,
    566973188.0,
    566973188.0,
    566973188.0,
    566973188.0,
    566973188.0,
    566973188.0,
    566973188.0,
    566973188.0,
    566973188.0,
    566973188.0,
    566973188.0,
    566973188.0,
    566973188.0,
    566973188.0
   ],