{
 "args": {
  "alg": "mfaco",
  "ants": 1088,
  "backup list size": 64,
  "beta": 1.0,
  "cand list size": 16,
  "count new edges": 0,
  "gbest as source prob": 0.01,
  "id": "default",
  "iterations": 12000,
  "keep better ant sol": 1,
  "local search": 1,
  "ls cand list size": 20,
  "min new edges": 16,
  "p best": 0.1,
  "picture": true,
  "problem": "large_instances/Tnm70000.tsp",
  "repeat": 1,
  "results dir": "results",
  "rho": 0.5,
  "seed": 1430545703,
  "source sol local update": 1,
  "threads": 10
 },
 "executions": [
  {
   "ants solutions updates": 186341,
   "best sol cost iterations": [
    0,
    1,
    2,
    3,
    4,
    5,
    6,
    8,
    9,
    10,
    13,
    14,
    16,
    17,
    19,
    22,
    23,
    24,
    26,
    33,
    37,
    41,
    44,
    48,
    52,
    54,
    55,
    65,
    83,
    85,
    97,
    100,
    101,
    118,
    129,
    172,
    200,
    201,
    209,
    223,
    231,
    236,
    237,
    262,
    268,
    269,
    293,
    294,
    296,
    311,
    315,
    326,
    330,
    331,
    356,
    361,
    366,
    379,
    380,
    458,
    462,
    471,
    475,
    484,
    507,
    510,
    514,
    521,
    530,
    540,
    559,
    568,
    582,
    586,
    651,
    655,
    657,
    668,
    669,
    677,
    730,
    764,
    788,
    801,
    828,
    838,
    848,
    864,
    887,
    907,
    940,
    951,
    955,
    957,
    959,
    963,
    972,
    998,
    1021,
    1040,
    1051,
    1080,
    1095,
    1097,
    1154,
    1201,
    1217,
    1226,
    1258,
    1341,
    1359,
    1399,
    1444,
    1456,
    1516,
    1567,
    1580,
    1614,
    1736,
    1846,
    1875,
    1901,
    1969,
    1978,
    1986,
    2106,
    2149,
    2155,
    2159,
    2178,
    2266,
    2403,
    2440,
    2464,
    2499,
    2604,
    2661,
    2745,
    2801,
    2806,
    2864,
    2894,
    2950,
    2956,
    3005,
    3007,
    3021,
    3025,
    3116,
    3117,
    3222,
    3227,
    3343,
    3360,
    3475,
    3603,
    3650,
    3760,
    3782,
    3939,
    3956,
    4097,
    4241,
    4265,
    4357,
    4438,
    4455,
    4677,
    4690,
    4783,
    4802,
    4803,
    5201,
    5218,
    5220,
    5308,
    5358,
    6429,
    6563,
    6613,
    6629
   ],
   "best sol cost times": [
    0.014338,
    0.036126,
    0.059079,
    0.082565,
    0.109245,
    0.146511,
    0.254362,
    0.519109,
    0.61316,
    0.687924,
    1.039262,
    1.132834,
    1.454154,
    1.547464,
    1.770219,
    2.068275,
    2.200323,
    2.320637,
    2.490122,
    3.511736,
    3.952868,
    4.432137,
    4.835663,
    5.321179,
    5.752638,
    5.957082,
    6.081517,
    7.009222,
    8.86493,
    9.041787,
    10.339423,
    10.6377,
    10.716919,
    12.466402,
    13.547144,
    17.871649,
    20.917085,
    21.11081,
    21.955013,
    23.452952,
    24.178526,
    24.651011,
    24.750566,
    27.184444,
    27.818038,
    27.919917,
    30.318915,
    30.434797,
    30.652812,
    32.096991,
    32.496189,
    33.578613,
    33.937739,
    34.022933,
    36.358631,
    36.882547,
    37.474753,
    38.69483,
    38.84259,
    46.570275,
    46.997565,
    48.029157,
    48.393021,
    49.300661,
    51.524109,
    51.787156,
    52.15872,
    52.999076,
    54.025423,
    55.11027,
    57.032661,
    57.963081,
    59.400771,
    59.851568,
    66.296034,
    66.650709,
    66.847061,
    67.867005,
    67.996653,
    68.740917,
    73.907588,
    77.27744,
    79.876525,
    81.1374,
    84.012757,
    85.033711,
    85.998966,
    87.566222,
    89.771015,
    91.626433,
    94.984609,
    95.991302,
    96.41259,
    96.649457,
    96.871599,
    97.252941,
    98.215382,
    100.874882,
    103.311803,
    105.136378,
    106.316462,
    109.379682,
    111.035312,
    111.264938,
    116.85582,
    121.724231,
    123.341238,
    124.36052,
    127.751197,
    136.144813,
    137.909418,
    141.617293,
    146.281899,
    147.446109,
    153.719739,
    158.924286,
    160.180418,
    163.806893,
    176.061541,
    187.292304,
    190.314121,
    193.015441,
    199.749654,
    200.693372,
    201.457023,
    213.682057,
    218.270821,
    218.919623,
    219.32209,
    221.236492,
    230.073414,
    244.04535,
    247.839437,
    250.251161,
    253.782869,
    264.051281,
    269.672906,
    278.180448,
    283.829483,
    284.344854,
    290.157986,
    293.131459,
    298.951413,
    299.547068,
    304.404286,
    304.59551,
    306.028438,
    306.361202,
    315.724954,
    315.833137,
    326.587514,
    327.16837,
    338.652494,
    340.260089,
    351.651848,
    364.269185,
    369.036732,
    380.233212,
    382.306168,
    398.630914,
    400.254787,
    414.124943,
    429.286674,
    431.705584,
    440.624277,
    448.859477,
    450.747182,
    473.068268,
    474.395857,
    483.646755,
    485.583305,
    485.665248,
    525.269271,
    526.945904,
    527.135572,
    536.302915,
    541.375109,
    650.313423,
    664.164572,
    669.323313,
    670.899696
   ],