{
 "args": {
  "alg": "mfaco",
  "ants": 192,
  "backup list size": 64,
  "beta": 1.0,
  "cand list size": 16,
  "count new edges": 0,
  "gbest as source prob": 0.01,
  "id": "default",
  "iterations": 12000,
  "keep better ant sol": 1,
  "local search": 1,
  "ls cand list size": 20,
  "min new edges": 16,
  "p best": 0.1,
  "picture": true,
  "problem": "large_instances/pr2392.tsp",
  "repeat": 1,
  "results dir": "results",
  "rho": 0.5,
  "seed": 1836977012,
  "source sol local update": 1,
  "threads": 10
 },
 "executions": [
  {
   "ants solutions updates": 9751,
   "best sol cost iterations": [
    0,
    1,
    2,
    3,
    4,
    5,
    6,
    7,
    8,
    9,
    10,
    11,
    12,
    13,
    14,
    15,
    16,
    17,
    18,
    19,
    20,
    21,
    22,
    23,
    24,
    25,
    26,
    27,
    28,
    29,
    30,
    31,
    32,
    33,
    34,
    35,
    36,
    37,
    38,
    39,
    40,
    41,
    42,
    43,
    45,
    46,
    47,
    48,
    50,
    51,
    56,
    57,
    58,
    60,
    62,
    63,
    64,
    65,
    66,
    67,
    68,
    71,
    72,
    73,
    74,
    75,
    77,
    78,
    82,
    86,
    87,
    89,
    90,
    91,
    92,
    117,
    118,
    120,
    121,
    122,
    123,
    124,
    128,
    129,
    131,
    132,
    136,
    137,
    148,
    151,
    152,
    153,
    161,
    175,
    176,
    184,
    212,
    215,
    232,
    238,
    261,
    303,
    308,
    355,
    478,
    499,
    500,
    578,
    582,
    659,
    683,
    685,
    687,
    690,
    693,
    694,
    697,
    698,
    708,
    3275,
    3277,
    3278,
    3279,
    3281,
    3313,
    3457,
    4058,
    4059,
    4064,
    4070,
    4071,
    4072,
    4074,
    4077,
    4083,
    4084,
    4188,
    4538,
    4626,
    5683
   ],
   "best sol cost times": [
    0.000642,
    0.001367,
    0.002021,
    0.002837,
    0.003939,
    0.005342,
    0.00738,
    0.010105,
    0.012427,
    0.015109,
    0.01773,
    0.020775,
    0.023655,
    0.026658,
    0.029777,
    0.032507,
    0.035437,
    0.038262,
    0.040635,
    0.043146,
    0.045817,
    0.048818,
    0.052223,
    0.055293,
    0.059215,
    0.063065,
    0.066938,
    0.070401,
    0.073843,
    0.077461,
    0.080482,
    0.084204,
    0.087369,
    0.091133,
    0.095076,
    0.098751,
    0.102831,
    0.106454,
    0.110486,
    0.113675,
    0.117028,
    0.120413,
    0.123526,
    0.12748,
    0.133888,
    0.138107,
    0.141944,
    0.145209,
    0.151478,
    0.154998,
    0.172306,
    0.175602,
    0.179383,
    0.186205,
    0.192645,
    0.195904,
    0.19917,
    0.202688,
    0.20618,
    0.209901,
    0.212885,
    0.222922,
    0.22634,
    0.229698,
    0.232964,
    0.236239,
    0.243695,
    0.246656,
    0.260701,
    0.275115,
    0.278594,
    0.285829,
    0.288908,
    0.291973,
    0.295609,
    0.380177,
    0.383765,
    0.389848,
    0.392929,
    0.39668,
    0.399663,
    0.402822,
    0.416726,
    0.419886,
    0.426118,
    0.429291,
    0.441694,
    0.444879,
    0.481419,
    0.492473,
    0.495454,
    0.499126,
    0.527906,
    0.583113,
    0.587186,
    0.626089,
    0.773069,
    0.78425,
    0.848234,
    0.869383,
    0.949886,
    1.109011,
    1.130381,
    1.37221,
    1.911151,
    1.989538,
    1.993173,
    2.295223,
    2.310683,
    2.612988,
    2.702485,
    2.709514,
    2.71639,
    2.727599,
    2.738549,
    2.742538,
    2.753821,
    2.757433,
    2.79384,
    11.920114,
    11.927096,
    11.930646,
    11.93415,
    11.941084,
    12.050806,
    12.567453,
    14.765242,
    14.768281,
    14.784762,
    14.805668,
    14.809235,
    14.81294,
    14.820222,
    14.831629,
    14.854624,
    14.857743,
    15.2089,
    16.39404,
    16.693463,
    20.475682
   ],
   "best sol cost values": [
    393811.0,
    392937.0,
    391801.0,
    390452.0,
    390059.0,
    389516.0,
    388967.0,
    388551.0,
    388286.0,
    387574.0,
    387369.0,
    387238.0,
    386909.0,
    386876.0,
    386681.0,
    386398.0,
    386082.0,
    385835.0,
    385538.0,
    385358.0,
    385121.0,
    385030.0,
    384822.0,
    384761.0,
    384661.0,
    384639.0,
    384525.0,
    384473.0,
    384425.0,
    384317.0,
    384189.0,
    384108.0,
    383900.0,
    383842.0,
    383800.0,
    383774.0,
    383713.0,
    383650.0,
    383612.0,
    383606.0,
    383559.0,
    383466.0,
    383450.0,
    383388.0,
    383348.0,
    383343.0,
    383230.0,
    383124.0,
    383028.0,
    382959.0,
    382937.0,
    382847.0,
    382768.0,
    382729.0,
    382641.0,
    382639.0,
    382615.0,
    382610.0,
    382560.0,
    382358.0,
    382332.0,
    382322.0,
    382295.0,
    382197.0,
    382163.0,
    382126.0,
    382100.0,
    382093.0,
    382043.0,
    382035.0,
    381911.0,
    381879.0,
    381808.0,
    381806.0,
    381743.0,
    381716.0,
    381693.0,
    381681.0,
    381638.0,
    381599.0,
    381572.0,
    381542.0,
    381525.0,
    381487.0,
    381480.0,
    381471.0,
    381464.0,
    381453.0,
    381391.0,
    381380.0,
    381305.0,
    381255.0,
    381250.0,
    381227.0,
    381226.0,
    381219.0,
    381215.0,
    381210.0,
    381173.0,
    381105.0,
    381086.0,
    381080.0,
    381078.0,
    381063.0,
    381060.0,
    381036.0,
    381030.0,
    381017.0,
    380986.0,
    380956.0,
    380954.0,
    380932.0,
    380925.0,
    380919.0,
    380888.0,
    380843.0,
    380841.0,
    380836.0,
    380830.0,
    380809.0,
    380764.0,
    380743.0,
    380706.0,
    380669.0,
    380640.0,
    380607.0,
    380420.0,
    380349.0,
    380311.0,
    380289.0,
    380282.0,
    380275.0,
    380249.0,
    380244.0,
    380229.0,
    380207.0,
    380186.0,
    380171.0,
    380144.0,
    380096.0
   ],
   "execution time": 23.943776259,
   "final cost": 380096.0,
   "final error": 0.5459855250349177,
   "finished_at": "2024-04-21--01:05:46",
   "initial sol cost": 395085.0,
   "initial solutions build time": 0.019269441000000002,
   "local source solutions updates": 361,
   "pher_deposition_time": 0.20789926886936883,
   "sol cost mean recorded every ith iter": 20,