{
 "args": {
  "alg": "mfaco",
  "ants": 960,
  "backup list size": 64,
  "beta": 1.0,
  "cand list size": 16,
  "count new edges": 0,
  "gbest as source prob": 0.01,
  "id": "default",
  "iterations": 12000,
  "keep better ant sol": 1,
  "local search": 1,
  "ls cand list size": 20,
  "min new edges": 16,
  "p best": 0.1,
  "picture": true,
  "problem": "large_instances/Tnm60001.tsp",
  "repeat": 1,
  "results dir": "results",
  "rho": 0.5,
  "seed": 3180733098,
  "source sol local update": 1,
  "threads": 10
 },
 "executions": [
  {
   "ants solutions updates": 77673,
   "best sol cost iterations": [
    2,
    3,
    4,
    5,
    6,
    7,
    8,
    9,
    10,
    11,
    12,
    13,
    14,
    15,
    16,
    17,
    18,
    19,
    20,
    21,
    22,
    23,
    25,
    26,
    30,
    38,
    80,
    87,
    91,
    92,
    96,
    98,
    99,
    101,
    102,
    103,
    104,
    105,
    107,
    109,
    111,
    112,
    115,
    118,
    123,
    139,
    186,
    187,
    233,
    266,
    286,
    289,
    291,
    302,
    305,
    306,
    320,
    325,
    354,
    391,
    425,
    435,
    443,
    550,
    555,
    636,
    653,
    687,
    711,
    806,
    1066,
    1076,
    1268,
    1327,
    1329,
    1388,
    1425,
    1701,
    1748,
    1979,
    2106,
    2290,
    2367,
    2495,
    2680,
    3028,
    3049,
    3567,
    4147,
    5213,
    6466
   ],
   "best sol cost times": [
    0.043298,
    0.066688,
    0.098357,
    0.133951,
    0.175519,
    0.428501,
    0.48938,
    0.582571,
    0.639449,
    0.694284,
    0.946412,
    1.034572,
    1.123725,
    1.186029,
    1.29504,
    1.391106,
    1.479171,
    1.723762,
    1.794236,
    1.895376,
    1.950808,
    2.190817,
    2.358044,
    2.467571,
    2.841703,
    3.570738,
    7.665709,
    8.33069,
    8.686951,
    8.79394,
    9.1578,
    9.344208,
    9.480788,
    9.694457,
    9.77916,
    9.872691,
    9.95788,
    10.065714,
    10.273815,
    10.465883,
    10.632008,
    10.727742,
    11.01961,
    11.259,
    11.655781,
    13.094306,
    17.22372,
    17.321684,
    21.747122,
    24.762797,
    26.623281,
    26.896455,
    27.083198,
    27.959625,
    28.238047,
    28.335047,
    29.55924,
    30.018181,
    32.411591,
    35.823115,
    38.735104,
    39.626882,
    40.326976,
    49.482897,
    49.854684,
    57.203367,
    58.687978,
    61.590954,
    63.609531,
    72.010508,
    94.79677,
    95.574462,
    112.765739,
    117.848753,
    118.027169,
    123.21577,
    126.574619,
    150.436635,
    154.305204,
    174.195848,
    185.064932,
    201.00374,
    207.936491,
    219.196963,
    235.127759,
    265.339346,
    267.288736,
    311.586626,
    362.547058,
    455.898441,
    563.955078
   ],
   "best sol cost values": [
    1134877623.0,
    1134874032.0,
    1134864131.0,
    1134847562.0,
    1134840431.0,
    1134836788.0,
    1134831064.0,
    1134828421.0,
    1134828349.0,
    1134822937.0,
    1134822630.0,
    1134822387.0,
    1134822189.0,
    1134821872.0,
    1134821495.0,
    1134821467.0,
    1134821435.0,
    1134821420.0,
    1134821401.0,
    1134821393.0,
    1134821354.0,
    1134821328.0,
    1134821321.0,
    1134821319.0,
    1134821318.0,
    1134821317.0,
    1134821316.0,
    1134821314.0,
    1134818075.0,
    1134818038.0,
    1134818003.0,
    1134817993.0,
    1134817986.0,
    1134817981.0,
    1134817975.0,
    1134817974.0,
    1134817972.0,
    1134817971.0,
    1134817960.0,
    1134817955.0,
    1134817948.0,
    1134817946.0,
    1134817942.0,
    1134817938.0,
    1134817937.0,
    1134817936.0,
    1134817510.0,
    1134817224.0,
    1134817223.0,
    1134816789.0,
    1134816503.0,
    1134816502.0,
    1134816501.0,
    1134816500.0,
    1134816499.0,
    1134816498.0,
    1134816497.0,
    1134816496.0,
    1134816495.0,
    1134816494.0,
    1134816492.0,
    1134816491.0,
    1134816490.0,
    1134816489.0,
    1134816488.0,
    1134816487.0,
    1134816486.0,
    1134816485.0,
    1134816484.0,
    1134816483.0,
    1134816482.0,
    1134816481.0,
    1134816480.0,
    1134816477.0,
    1134816476.0,
    1134816475.0,
    1134816474.0,
    1134816473.0,
    1134816472.0,
    1134816471.0,
    1134816470.0,
    1134816469.0,
    1134816468.0,
    1134816467.0,
    1134816466.0,
    1134816465.0,
    1134816463.0,
    1134816462.0,
    1134816461.0,
    1134816460.0,
    1134816459.0
   ],
   "execution time": 601.299205312,
   "final cost": 1134816459.0,
   "final error": -0.0003772401974253661,
   "finished_at": "2024-05-08--17:45:24",
   "initial sol cost": 1134931382.0,
   "initial solutions build time": 1.050022774,
   "local source solutions updates": 198,
   "pher_deposition_time": 5.224610304982889,
   "sol cost mean recorded every ith iter": 20,