{
 "args": {
  "alg": "mfaco",
  "ants": 896,
  "backup list size": 64,
  "beta": 1.0,
  "cand list size": 16,
  "count new edges": 0,
  "gbest as source prob": 0.01,
  "id": "default",
  "iterations": 12000,
  "keep better ant sol": 1,
  "local search": 1,
  "ls cand list size": 20,
  "min new edges": 16,
  "p best": 0.1,
  "picture": true,
  "problem": "large_instances/Tnm50002.tsp",
  "repeat": 1,
  "results dir": "results",
  "rho": 0.5,
  "seed": 572507751,
  "source sol local update": 1,
  "threads": 10
 },
 "executions": [
  {
   "ants solutions updates": 54327,
   "best sol cost iterations": [
    0,
    3,
    4,
    5,
    6,
    7,
    8,
    9,
    10,
    11,
    12,
    13,
    14,
    15,
    16,
    17,
    18,
    19,
    20,
    21,
    22,
    23,
    24,
    25,
    26,
    27,
    28,
    29,
    30,
    31,
    32,
    33,
    34,
    35,
    36,
    37,
    39,
    40,
    41,
    42,
    43,
    45,
    47,
    48,
    50,
    51,
    56,
    57,
    63,
    70,
    71,
    73,
    121,
    133,
    135,
    141,
    196,
    198,
    208,
    209,
    228,
    235,
    241,
    282,
    288,
    291,
    295,
    371,
    552,
    851,
    894,
    897,
    2556,
    2890,
    6082,
    6175
   ],
   "best sol cost times": [
    0.010054,
    0.062362,
    0.086784,
    0.10783,
    0.215937,
    0.42415,
    0.626069,
    0.678996,
    0.871343,
    0.916744,
    1.097447,
    1.269956,
    1.319632,
    1.380698,
    1.43494,
    1.486122,
    1.659075,
    1.703735,
    1.867451,
    2.030914,
    2.074293,
    2.119034,
    2.275453,
    2.457284,
    2.50449,
    2.547592,
    2.599947,
    2.757926,
    2.904564,
    2.951207,
    3.096271,
    3.261494,
    3.305601,
    3.343766,
    3.505146,
    3.666476,
    3.865324,
    3.91783,
    3.964275,
    4.03471,
    4.099617,
    4.29827,
    4.40043,
    4.470572,
    4.578811,
    4.66632,
    5.035368,
    5.136918,
    5.53261,
    5.986236,
    6.065406,
    6.21547,
    9.429655,
    10.246258,
    10.367242,
    10.748158,
    14.314049,
    14.448528,
    15.156794,
    15.207144,
    16.426003,
    16.901461,
    17.296741,
    20.076139,
    20.451606,
    20.621817,
    20.830018,
    25.789019,
    38.009531,
    58.077387,
    60.943607,
    61.13814,
    172.385772,
    194.932884,
    408.993641,
    415.466558
   ],
   "best sol cost values": [
    945587689.0,
    945587002.0,
    945575119.0,
    945572086.0,
    945568450.0,
    945568303.0,
    945552787.0,
    945551287.0,
    945550463.0,
    945550140.0,
    945547835.0,
    945547834.0,
    945547794.0,
    945546912.0,
    945546889.0,
    945544238.0,
    945544204.0,
    945544159.0,
    945544143.0,
    945544126.0,
    945544087.0,
    945544018.0,
    945544007.0,
    945543991.0,
    945543970.0,
    945543965.0,
    945543876.0,
    945540712.0,
    945540667.0,
    945540665.0,
    945540636.0,
    945540628.0,
    945540600.0,
    945540596.0,
    945540575.0,
    945540524.0,
    945540517.0,
    945540509.0,
    945540502.0,
    945540499.0,
    945540475.0,
    945540472.0,
    945540468.0,
    945540466.0,
    945540465.0,
    945540463.0,
    945540462.0,
    945540461.0,
    945540460.0,
    945539072.0,
    945536351.0,
    945536346.0,
    945535623.0,
    945535622.0,
    945535621.0,
    945535620.0,
    945535619.0,
    945535618.0,
    945535617.0,
    945535616.0,
    945535615.0,
    945535614.0,
    945535613.0,
    945535612.0,
    945535611.0,
    945535610.0,
    945535609.0,
    945535608.0,
    945535607.0,
    945535606.0,
    945535605.0,
    945535604.0,
    945535603.0,
    945535602.0,
    945535601.0,
    945535600.0
   ],
   "execution time": 501.164960285,
   "final cost": 945535600.0,
   "final error": -0.00044493102975198167,
   "finished_at": "2024-05-08--17:35:23",
   "initial sol cost": 945599046.0,
   "initial solutions build time": 0.947182407,
   "local source solutions updates": 209,
   "pher_deposition_time": 4.714945504020761,
   "sol cost mean recorded every ith iter": 20,