{
 "args": {
  "alg": "mfaco",
  "ants": 832,
  "backup list size": 64,
  "beta": 1.0,
  "cand list size": 16,
  "count new edges": 0,
  "gbest as source prob": 0.01,
  "id": "default",
  "iterations": 12000,
  "keep better ant sol": 1,
  "local search": 1,
  "ls cand list size": 20,
  "min new edges": 16,
  "p best": 0.1,
  "picture": true,
  "problem": "large_instances/Tnm40000.tsp",
  "repeat": 1,
  "results dir": "results",
  "rho": 0.5,
  "seed": 329372403,
  "source sol local update": 1,
  "threads": 10
 },
 "executions": [
  {
   "ants solutions updates": 49019,
   "best sol cost iterations": [
    0,
    1,
    2,
    3,
    4,
    5,
    6,
    7,
    8,
    9,
    10,
    11,
    12,
    13,
    14,
    15,
    16,
    17,
    18,
    19,
    20,
    21,
    22,
    23,
    24,
    25,
    26,
    27,
    28,
    29,
    30,
    31,
    36,
    39,
    42,
    46,
    47,
    49,
    51,
    52,
    57,
    58,
    59,
    61,
    62,
    63,
    64,
    65,
    66,
    67,
    68,
    69,
    70,
    71,
    72,
    73,
    74,
    75,
    79,
    86,
    88,
    90,
    92,
    94,
    107,
    115,
    135,
    185,
    186,
    189,
    229,
    318,
    1382,
    1384,
    1429,
    2309,
    2457,
    3437
   ],
   "best sol cost times": [
    0.006187,
    0.015891,
    0.025895,
    0.054308,
    0.066412,
    0.103102,
    0.236477,
    0.353245,
    0.463959,
    0.50827,
    0.553929,
    0.599607,
    0.653334,
    0.707402,
    0.820545,
    0.855532,
    0.979083,
    1.030375,
    1.085177,
    1.196463,
    1.315829,
    1.417762,
    1.467373,
    1.518418,
    1.57222,
    1.703576,
    1.807865,
    1.902998,
    2.002341,
    2.068679,
    2.119656,
    2.21514,
    2.717777,
    2.834081,
    2.960016,
    3.294723,
    3.341982,
    3.454993,
    3.612751,
    3.722926,
    4.044088,
    4.099517,
    4.207115,
    4.357824,
    4.458464,
    4.501252,
    4.600074,
    4.632055,
    4.691079,
    4.811166,
    4.922831,
    4.963052,
    5.069876,
    5.105542,
    5.140518,
    5.183214,
    5.228901,
    5.286729,
    5.543074,
    5.950154,
    6.051527,
    6.156876,
    6.24227,
    6.332919,
    7.142122,
    7.579841,
    8.6575,
    11.691171,
    11.756763,
    11.901485,
    14.127174,
    19.749796,
    80.870792,
    80.970195,
    83.354821,
    133.461143,
    141.908556,
    197.229662
   ],
   "best sol cost values": [
    756302782.0,
    756283655.0,
    756283592.0,
    756281851.0,
    756280903.0,
    756278935.0,
    756267475.0,
    756265196.0,
    756263463.0,
    756261755.0,
    756260829.0,
    756260813.0,
    756260644.0,
    756260285.0,
    756260153.0,
    756260031.0,
    756259830.0,
    756259773.0,
    756259727.0,
    756259709.0,
    756259695.0,
    756259670.0,
    756259508.0,
    756259426.0,
    756259420.0,
    756258681.0,
    756258679.0,
    756258280.0,
    756258275.0,
    756258261.0,
    756258260.0,
    756258259.0,
    756258257.0,
    756258256.0,
    756258255.0,
    756258254.0,
    756258252.0,
    756258251.0,
    756258250.0,
    756258248.0,
    756258247.0,
    756258246.0,
    756256883.0,
    756256879.0,
    756256878.0,
    756255869.0,
    756255859.0,
    756254989.0,
    756254970.0,
    756254968.0,
    756254963.0,
    756254944.0,
    756254941.0,
    756254939.0,
    756254895.0,
    756254893.0,
    756254153.0,
    756254151.0,
    756254150.0,
    756254149.0,
    756254148.0,
    756254147.0,
    756254146.0,
    756254144.0,
    756254143.0,
    756254142.0,
    756254141.0,
    756254140.0,
    756254139.0,
    756254138.0,
    756254137.0,
    756254136.0,
    756254135.0,
    756254134.0,
    756254133.0,
    756254132.0,
    756254131.0,
    756254130.0
   ],
   "execution time": 400.749678887,
   "final cost": 756254130.0,
   "final error": -1.494206492670217e-05,
   "finished_at": "2024-05-08--16:05:02",
   "initial sol cost": 756317502.0,
   "initial solutions build time": 0.598788203,
   "local source solutions updates": 242,
   "pher_deposition_time": 3.4088447369954338,
   "sol cost mean recorded every ith iter": 20,