{
 "args": {
  "alg": "mfaco",
  "ants": 1280,
  "backup list size": 64,
  "beta": 1.0,
  "cand list size": 16,
  "count new edges": 0,
  "gbest as source prob": 0.01,
  "id": "default",
  "iterations": 12000,
  "keep better ant sol": 1,
  "local search": 1,
  "ls cand list size": 20,
  "min new edges": 16,
  "p best": 0.1,
  "picture": true,
  "problem": "large_instances/Tnm100000.tsp",
  "repeat": 1,
  "results dir": "results",
  "rho": 0.5,
  "seed": 3024490968,
  "source sol local update": 1,
  "threads": 10
 },
 "executions": [
  {
   "ants solutions updates": 169786,
   "best sol cost iterations": [
    0,
    1,
    2,
    3,
    4,
    6,
    7,
    8,
    9,
    10,
    11,
    12,
    13,
    14,
    15,
    16,
    17,
    18,
    19,
    20,
    21,
    22,
    24,
    25,
    26,
    27,
    28,
    29,
    30,
    31,
    32,
    33,
    35,
    36,
    38,
    39,
    41,
    42,
    44,
    45,
    46,
    51,
    52,
    54,
    57,
    59,
    60,
    61,
    62,
    63,
    64,
    65,
    67,
    68,
    72,
    74,
    75,
    76,
    79,
    80,
    82,
    83,
    84,
    85,
    86,
    90,
    91,
    94,
    96,
    101,
    102,
    107,
    110,
    111,
    115,
    118,
    119,
    120,
    121,
    124,
    125,
    126,
    128,
    131,
    132,
    133,
    135,
    138,
    139,
    141,
    145,
    146,
    149,
    167,
    168,
    171,
    176,
    177,
    180,
    185,
    192,
    193,
    199,
    201,
    205,
    208,
    211,
    212,
    219,
    232,
    235,
    238,
    239,
    242,
    244,
    247,
    250,
    251,
    255,
    257,
    260,
    263,
    275,
    277,
    282,
    283,
    289,
    298,
    301,
    305,
    311,
    315,
    317,
    322,
    325,
    327,
    336,
    357,
    363,
    395,
    409,
    431,
    434,
    446,
    464,
    465,
    475,
    479,
    498,
    501,
    512,
    531,
    599,
    617,
    631,
    642,
    654,
    740,
    829,
    845,
    848,
    851,
    859,
    926,
    1517,
    1583,
    1827,
    1915,
    2112,
    3143,
    3303
   ],
   "best sol cost times": [
    0.025121,
    0.065273,
    0.105835,
    0.150093,
    0.193658,
    0.65951,
    1.354406,
    1.886605,
    2.529146,
    2.673704,
    2.787629,
    2.921678,
    3.106715,
    3.735383,
    3.850169,
    4.265797,
    4.840271,
    4.949197,
    5.079423,
    5.330821,
    5.57423,
    6.247154,
    6.513083,
    6.634252,
    6.856618,
    7.096986,
    7.325446,
    7.519608,
    7.771726,
    8.053939,
    8.16471,
    8.292996,
    9.116039,
    9.528756,
    9.754938,
    10.306068,
    10.587728,
    10.779266,
    11.633029,
    12.256934,
    12.449179,
    14.173065,
    14.446656,
    14.921297,
    16.212552,
    17.115681,
    17.25217,
    17.373816,
    17.565435,
    17.804619,
    17.912802,
    18.571067,
    19.073114,
    19.768455,
    20.988185,
    21.228546,
    21.496444,
    21.660608,
    22.250194,
    22.365461,
    22.783278,
    22.908897,
    23.253888,
    23.432891,
    23.657373,
    25.941141,
    26.175569,
    26.722193,
    28.555091,
    30.340477,
    30.576034,
    32.047636,
    33.021598,
    33.235943,
    33.919442,
    34.330078,
    34.454455,
    34.694157,
    34.913444,
    35.435739,
    36.051898,
    36.18887,
    37.024028,
    37.459567,
    37.663203,
    37.788143,
    38.468374,
    39.393093,
    39.521515,
    40.460851,
    42.222912,
    42.630405,
    43.283494,
    47.16429,
    47.395257,
    48.452179,
    49.51579,
    49.630561,
    50.841475,
    51.710153,
    53.718893,
    53.838959,
    54.947194,
    55.695291,
    56.414957,
    57.165444,
    58.084329,
    58.196764,
    60.592128,
    64.718192,
    65.309084,
    66.536184,
    67.213345,
    67.841949,
    68.348973,
    68.914114,
    70.397492,
    70.509886,
    71.438215,
    71.881127,
    72.440035,
    72.970466,
    76.334299,
    76.68961,
    77.665817,
    77.854807,
    80.589713,
    82.777602,
    83.857866,
    85.021241,
    86.024671,
    86.656615,
    86.949146,
    88.828491,
    89.379688,
    89.670816,
    91.543138,
    96.714565,
    98.236534,
    106.372148,
    110.38812,
    116.486484,
    117.131547,
    120.130906,
    125.305585,
    125.664952,
    128.774506,
    129.55134,
    133.713675,
    134.21999,
    137.203741,
    142.6731,
    157.547398,
    161.736842,
    166.29206,
    168.117142,
    170.453726,
    195.072391,
    216.121206,
    220.62214,
    221.532506,
    222.468901,
    224.345507,
    241.697554,
    395.649902,
    415.641815,
    478.492004,
    502.465867,
    551.942555,
    809.986572,
    846.414086
   ],
   "best sol cost values": [
    1891985574.0,
    1891983129.0,
    1891981484.0,
    1891981483.0,
    1891978834.0,
    1891972248.0,
    1891967315.0,
    1891959395.0,
    1891955098.0,
    1891955080.0,
    1891954920.0,
    1891954909.0,
    1891954850.0,
    1891954795.0,
    1891954732.0,
    1891954395.0,
    1891954353.0,
    1891954240.0,
    1891951728.0,
    1891951712.0,
    1891951705.0,
    1891951683.0,
    1891951675.0,
    1891950033.0,
    1891950027.0,
    1891950022.0,
    1891950015.0,
    1891950012.0,
    1891950009.0,
    1891950006.0,
    1891950005.0,
    1891950003.0,
    1891950002.0,
    1891949997.0,
    1891949993.0,
    1891949992.0,
    1891949991.0,
    1891949990.0,
    1891949987.0,
    1891949985.0,
    1891949984.0,
    1891949980.0,
    1891949973.0,
    1891949972.0,
    1891949970.0,
    1891949969.0,
    1891949967.0,
    1891949966.0,
    1891949965.0,
    1891949964.0,
    1891949963.0,
    1891949962.0,
    1891949960.0,
    1891949957.0,
    1891949956.0,
    1891949954.0,
    1891949951.0,
    1891949950.0,
    1891949949.0,
    1891949946.0,
    1891949942.0,
    1891949941.0,
    1891949940.0,
    1891949939.0,
    1891949938.0,
    1891949937.0,
    1891949936.0,
    1891949935.0,
    1891949930.0,
    1891949929.0,
    1891949928.0,
    1891949927.0,
    1891949925.0,
    1891949923.0,
    1891949922.0,
    1891949920.0,
    1891949919.0,
    1891949918.0,
    1891949917.0,
    1891946654.0,
    1891946118.0,
    1891946110.0,
    1891946097.0,
    1891946094.0,
    1891946083.0,
    1891946080.0,
    1891946079.0,
    1891946076.0,
    1891946075.0,
    1891946074.0,
    1891946073.0,
    1891946072.0,
    1891946070.0,
    1891946069.0,
    1891946068.0,
    1891946067.0,
    1891946065.0,
    1891946064.0,
    1891946061.0,
    1891946060.0,
    1891946059.0,
    1891945744.0,
    1891945743.0,
    1891945740.0,
    1891945739.0,
    1891945738.0,
    1891945737.0,
    1891945735.0,
    1891945733.0,
    1891945732.0,
    1891945731.0,
    1891945726.0,
    1891945725.0,
    1891945724.0,
    1891945720.0,
    1891945719.0,
    1891945718.0,
    1891945716.0,
    1891945715.0,
    1891945714.0,
    1891945713.0,
    1891945712.0,
    1891945711.0,
    1891945710.0,
    1891945709.0,
    1891945708.0,
    1891945707.0,
    1891945706.0,
    1891945705.0,
    1891945704.0,
    1891945702.0,
    1891945701.0,
    1891945700.0,
    1891945697.0,
    1891945696.0,
    1891945695.0,
    1891945694.0,
    1891945693.0,
    1891945692.0,
    1891945691.0,
    1891945690.0,
    1891945686.0,
    1891945685.0,
    1891945684.0,
    1891945683.0,
    1891945682.0,
    1891945681.0,
    1891945680.0,
    1891945679.0,
    1891945678.0,
    1891945677.0,
    1891945676.0,
    1891945675.0,
    1891945674.0,
    1891945671.0,
    1891945670.0,
    1891945669.0,
    1891945668.0,
    1891945667.0,
    1891945666.0,
    1891945665.0,
    1891945664.0,
    1891945663.0,
    1891945662.0,
    1891945661.0,
    1891945660.0,
    1891945659.0,
    1891945658.0,
    1891945657.0,
    1891945656.0,
    1891945655.0
   ],
   "execution time": 1003.373756164,
   "final cost": 1891945655.0,
   "final error": -1.6913802203046523e-05,
   "finished_at": "2024-05-08--18:42:18",
   "initial sol cost": 1892003926.0,