{
 "args": {
  "alg": "mfaco",
  "ants": 704,
  "backup list size": 64,
  "beta": 1.0,
  "cand list size": 16,
  "count new edges": 0,
  "gbest as source prob": 0.01,
  "id": "default",
  "iterations": 12000,
  "keep better ant sol": 1,
  "local search": 1,
  "ls cand list size": 20,
  "min new edges": 16,
  "p best": 0.1,
  "picture": true,
  "problem": "large_instances/Tnm30001.tsp",
  "repeat": 1,
  "results dir": "results",
  "rho": 0.5,
  "seed": 2042423719,
  "source sol local update": 1,
  "threads": 10
 },
 "executions": [
  {
   "ants solutions updates": 40750,
   "best sol cost iterations": [
    0,
    1,
    2,
    3,
    4,
    5,
    6,
    7,
    8,
    9,
    10,
    11,
    12,
    13,
    14,
    15,
    16,
    17,
    18,
    19,
    20,
    21,
    22,
    23,
    24,
    25,
    26,
    27,
    28,
    29,
    30,
    42,
    43,
    44,
    49,
    52,
    57,
    58,
    65,
    82,
    157,
    245,
    330,
    410,
    416,
    520,
    795,
    873,
    883,
    958,
    1311,
    1686,
    1913,
    2001,
    2072,
    2157,
    2168,
    2865,
    2885,
    3178,
    3350,
    3550,
    3993,
    6758,
    6765,
    6858,
    7258
   ],
   "best sol cost times": [
    0.005119,
    0.011663,
    0.018091,
    0.025562,
    0.036097,
    0.088084,
    0.164975,
    0.194798,
    0.2368,
    0.269376,
    0.329299,
    0.3698,
    0.43158,
    0.489976,
    0.563918,
    0.642395,
    0.673751,
    0.740431,
    0.819354,
    0.892717,
    0.923277,
    0.990863,
    1.092072,
    1.119933,
    1.159865,
    1.192855,
    1.240226,
    1.28417,
    1.323331,
    1.368631,
    1.433599,
    2.004247,
    2.04578,
    2.104,
    2.341889,
    2.465921,
    2.653058,
    2.689083,
    2.991801,
    3.670184,
    6.750542,
    10.356427,
    14.056663,
    17.491938,
    17.698481,
    22.132766,
    33.84869,
    37.038349,
    37.406507,
    40.54874,
    55.251195,
    70.933388,
    80.211631,
    83.831975,
    86.833828,
    90.160924,
    90.597732,
    119.078361,
    119.871396,
    131.876936,
    138.992548,
    147.229791,
    165.412582,
    277.939498,
    278.187264,
    281.925724,
    298.386373
   ],
   "best sol cost values": [
    567020107.0,
    567014282.0,
    567014270.0,
    567011174.0,
    567000831.0,
    566999364.0,
    566989116.0,
    566988970.0,
    566988167.0,
    566987167.0,
    566986922.0,
    566983757.0,
    566979279.0,
    566979095.0,
    566978708.0,
    566978607.0,
    566978378.0,
    566978300.0,
    566978180.0,
    566978135.0,
    566978113.0,
    566978112.0,
    566978098.0,
    566978053.0,
    566978050.0,
    566978039.0,
    566978022.0,
    566978014.0,
    566978005.0,
    566978000.0,
    566977997.0,
    566976602.0,
    566976560.0,
    566976559.0,
    566976558.0,
    566974155.0,
    566974154.0,
    566973934.0,
    566973933.0,
    566973932.0,
    566973216.0,
    566973215.0,
    566973214.0,
    566973213.0,
    566973212.0,
    566973211.0,
    566973210.0,
    566973209.0,
    566973208.0,
    566973207.0,
    566973206.0,
    566973205.0,
    566973204.0,
    566973203.0,
    566973202.0,
    566973201.0,
    566973200.0,
    566973199.0,
    566973198.0,
    566973197.0,
    566973196.0,
    566973195.0,
    566973194.0,
    566973193.0,
    566973192.0,
    566973191.0,
    566973190.0
   ],
   "execution time": 300.445243574,
   "final cost": 566973190.0,
   "final error": -1.8695765876070466e-05,
   "finished_at": "2024-04-21--03:33:01",
   "initial sol cost": 567084487.0,
   "initial solutions build time": 0.34808930200000004,
   "local source solutions updates": 212,
   "pher_deposition_time": 2.6500777900400863,
   "sol cost mean recorded every ith iter": 20,
   "sol cost mean values": [
    567071526.1,
    566978163.6,
    566977997.0,
    566973953.9,
    566973933.0,
    566973932.0,
    566973932.0,
    566973932.0,
    566973235.7,
    566973216.0,
    566973216.0,
    566973216.0,
    566973216.0,
    566973215.0,
    566973215.0,
    566973215.0,
    566973215.0,
    566973214.0,
    566973214.0,
    566973214.0,
    566973214.0,
    566973212.1,
    566973212.0,
    566973212.0,
    566973212.0,
    566973212.0,
    566973212.0,
    566973211.0,
    566973211.0,
    566973211.0,
    566973211.0,
    566973211.0,
    566973211.0,
    566973211.0,
    566973211.0,
    566973211.0,
    566973211.0,
    566973211.0,
    566973211.0,
    566973211.0,
    566973210.0,
    566973210.0,
    566973210.0,
    566973210.0,
    566973209.0,
    566973208.0,
    566973208.0,
    566973208.0,
    566973207.2,
    566973207.0,
    566973207.0,
    566973207.0,
    566973207.0,
    566973207.0,
    566973207.0,
    566973207.0,
    566973207.0,
    566973207.0,
    566973207.0,
    566973207.0,
    566973207.0,
    566973207.0,
    566973207.0,
    566973207.0,
    566973207.0,
    566973207.0,
    566973206.0,
    566973206.0,
    566973206.0,
    566973206.0,
    566973206.0,
    566973206.0,
    566973206.0,
    566973206.0,
    566973206.0,
    566973206.0,
    566973206.0,
    566973206.0,
    566973206.0,
    566973206.0,
    566973206.0,
    566973206.0,
    566973206.0,
    566973206.0,
    566973206.0,
    566973205.0,
    566973205.0,
    566973205.0,
    566973205.0,
    566973205.0,
    566973205.0,
    566973205.0,
    566973205.0,
    566973205.0,
    566973205.0,
    566973205.0,
    566973204.0,
    566973204.0,
    566973204.0,
    566973204.0,
    566973204.0,
    566973203.0,
    566973203.0,
    566973203.0,
    566973202.0,
    566973202.0,
    566973202.0,
    566973202.0,
    566973201.1,
    566973200.0,
    566973200.0,
    566973200.0,
    566973200.0,
    566973200.0,
    566973200.0,
    566973200.0,
    566973200.0,
    566973200.0,
    566973200.0,
    566973200.0,
    566973200.0,
    566973200.0,
    566973200.0,
    566973200.0,
    566973200.0,
    566973200.0,
    566973200.0,
    566973200.0,
    566973200.0,
    566973200.0,
    566973200.0,
    566973200.0,
    566973200.0,
    566973200.0,
    566973200.0,
    566973200.0,
    566973200.0,
    566973200.0,
    566973200.0,
    566973200.0,
    566973200.0,
    566973200.0,
    566973200.0,
    566973200.0,
    566973199.0,
    566973198.0,
    566973198.0,
    566973198.0,
    566973198.0,
    566973198.0,
    566973198.0,
    566973198.0,
    566973198.0,
    566973198.0,
    566973198.0,
    566973198.0,
    566973198.0,
    566973198.0,
    566973198.0,
    566973197.3,
    566973197.0,
    566973197.0,
    566973197.0,
    566973197.0,
    566973197.0,
    566973197.0,
    566973197.0,
    566973197.0,
    566973196.0,
    566973196.0,
    566973196.0,
    566973196.0,
    566973196.0,
    566973196.0,
    566973196.0,
    566973196.0,
    566973196.0,
    566973196.0,
    566973195.0,
    566973195.0,
    566973195.0,
    566973195.0,
    566973195.0,
    566973195.0,
    566973195.0,
    566973195.0,
    566973195.0,
    566973195.0,
    566973195.0,
    566973195.0,
    566973195.0,
    566973195.0,
    566973195.0,
    566973195.0,
    566973195.0,
    566973195.0,
    566973195.0,
    566973195.0,
    566973195.0,
    566973195.0,
    566973194.0,
    566973194.0,
    566973194.0,
    566973194.0,
    566973194.0,
    566973194.0,
    566973194.0,
    566973194.0,
    566973194.0,
    566973194.0,
    566973194.0,
    566973194.0,
    566973194.0,
    566973194.0,
    566973194.0,
    566973194.0,
    566973194.0,
    566973194.0,
    566973194.0,
    566973194.0,
    566973194.0,
    566973194.0,
    566973194.0,
    566973194.0,
    566973194.0,
    566973194.0,
    566973194.0,
    566973194.0,
    566973194.0,
    566973194.0,
    566973194.0,
    566973194.0,
    566973194.0,
    566973194.0,
    566973194.0,
    566973194.0,
    566973194.0,
    566973194.0,
    566973194.0,
    566973194.0,
    566973194.0,
    566973194.0,
    566973194.0,
    566973194.0,
    566973194.0,
    566973194.0,
    566973194.0,
    566973194.0,
    566973194.0,
