{
 "args": {
  "alg": "mfaco",
  "ants": 192,
  "backup list size": 64,
  "beta": 1.0,
  "cand list size": 16,
  "count new edges": 0,
  "gbest as source prob": 0.01,
  "id": "default",
  "iterations": 12000,
  "keep better ant sol": 1,
  "local search": 1,
  "ls cand list size": 20,
  "min new edges": 16,
  "p best": 0.1,
  "picture": true,
  "problem": "large_instances/pr2392.tsp",
  "repeat": 1,
  "results dir": "results",
  "rho": 0.5,
  "seed": 4063944700,
  "source sol local update": 1,
  "threads": 10
 },
 "executions": [
  {
   "ants solutions updates": 9114,
   "best sol cost iterations": [
    0,
    1,
    2,
    3,
    4,
    5,
    6,
    7,
    8,
    9,
    10,
    11,
    12,
    13,
    14,
    15,
    16,
    17,
    18,
    19,
    20,
    21,
    22,
    23,
    24,
    25,
    26,
    28,
    29,
    30,
    31,
    32,
    33,
    34,
    36,
    37,
    39,
    40,
    43,
    44,
    45,
    46,
    47,
    48,
    49,
    50,
    51,
    52,
    53,
    54,
    57,
    58,
    59,
    60,
    61,
    63,
    64,
    65,
    66,
    68,
    69,
    70,
    71,
    73,
    76,
    77,
    79,
    80,
    81,
    83,
    87,
    88,
    89,
    90,
    92,
    96,
    97,
    100,
    101,
    102,
    104,
    107,
    110,
    113,
    114,
    120,
    125,
    126,
    127,
    128,
    130,
    131,
    137,
    145,
    147,
    148,
    150,
    151,
    155,
    156,
    157,
    160,
    163,
    167,
    168,
    171,
    175,
    177,
    178,
    179,
    180,
    183,
    186,
    187,
    228,
    238,
    240,
    243,
    246,
    256,
    265,
    267,
    273,
    277,
    351,
    374,
    382,
    536,
    759,
    881,
    900,
    906,
    913,
    916,
    917,
    923,
    2483,
    2484,
    2514,
    2523,
    2525,
    2526,
    2537,
    2560,
    2583,
    2584,
    2825,
    2826
   ],
   "best sol cost times": [
    0.00063,
    0.001483,
    0.002198,
    0.003063,
    0.004135,
    0.00609,
    0.008539,
    0.012441,
    0.016106,
    0.019518,
    0.022788,
    0.025608,
    0.029172,
    0.032421,
    0.036391,
    0.039971,
    0.044984,
    0.049404000000000003,
    0.053205,
    0.056365,
    0.059936,
    0.063769,
    0.067791,
    0.071656,
    0.075407,
    0.079401,
    0.082742,
    0.090123,
    0.092759,
    0.09715,
    0.100127,
    0.102939,
    0.1061,
    0.10937,
    0.116212,
    0.119478,
    0.126133,
    0.129071,
    0.137385,
    0.140695,
    0.143409,
    0.145976,
    0.148804,
    0.151627,
    0.155093,
    0.158189,
    0.160932,
    0.163571,
    0.166341,
    0.169556,
    0.179325,
    0.182134,
    0.184775,
    0.1879,
    0.190816,
    0.197472,
    0.200773,
    0.203963,
    0.207348,
    0.214138,
    0.217394,
    0.220801,
    0.224122,
    0.230312,
    0.239413,
    0.243068,
    0.249176,
    0.252346,
    0.255256,
    0.261389,
    0.274369,
    0.277561,
    0.280773,
    0.283954,
    0.290273,
    0.303509,
    0.306689,
    0.31654,
    0.319568,
    0.32264,
    0.329678,
    0.339564,
    0.349593,
    0.359881,
    0.363574,
    0.384387,
    0.400935,
    0.404058,
    0.407117,
    0.410009,
    0.4157,
    0.418739,
    0.435964,
    0.459358,
    0.465734,
    0.469088,
    0.475293,
    0.477643,
    0.488794,
    0.492126,
    0.495241,
    0.505008,
    0.515143,
    0.526975,
    0.530039,
    0.538807,
    0.552287,
    0.559043,
    0.562205,
    0.565449,
    0.569179,
    0.5789,
    0.588084,
    0.590865,
    0.719886,
    0.752491,
    0.759044,
    0.768499,
    0.778034,
    0.810153,
    0.838352,
    0.844607,
    0.864712,
    0.87801,
    1.121508,
    1.21175,
    1.270334,
    1.805554,
    2.522438,
    2.903735,
    2.961922,
    2.980533,
    3.002644,
    3.01229,
    3.015582,
    3.035077,
    8.232242,
    8.235568,
    8.337473,
    8.367934,
    8.374328,
    8.377249,
    8.412904,
    8.48929,
    8.566104,
    8.56959,
    9.372575,
    9.375436
   ],
   "best sol cost values": [
    393217.0,
    391956.0,
    390941.0,
    390155.0,
    389779.0,
    389415.0,
    389144.0,
    388937.0,
    388894.0,
    388676.0,
    388173.0,
    388040.0,
    387453.0,
    387396.0,
    387375.0,
    387177.0,
    387074.0,
    387056.0,
    386947.0,
    386632.0,
    386556.0,
    386478.0,
    386363.0,
    386293.0,
    386152.0,
    386008.0,
    385938.0,
    385792.0,
    385683.0,
    385559.0,
    385456.0,
    385417.0,
    385328.0,
    385254.0,
    385154.0,
    384966.0,
    384859.0,
    384702.0,
    384687.0,
    384679.0,
    384644.0,
    384596.0,
    384583.0,
    384545.0,
    384534.0,
    384480.0,
    384383.0,
    384318.0,
    384296.0,
    384267.0,
    384266.0,
    383866.0,
    383829.0,
    383797.0,
    383751.0,
    383718.0,
    383648.0,
    383619.0,
    383594.0,
    383588.0,
    383559.0,
    383525.0,
    383517.0,
    383509.0,
    383427.0,
    383421.0,
    383399.0,
    383284.0,
    383199.0,
    383146.0,
    383127.0,
    383107.0,
    383082.0,
    383027.0,
    383009.0,
    382968.0,
    382911.0,
    382907.0,
    382885.0,
    382881.0,
    382876.0,
    382821.0,
    382768.0,
    382756.0,
    382752.0,
    382736.0,
    382390.0,
    382241.0,
    382157.0,
    382138.0,
    382111.0,
    382056.0,
    382036.0,
    381966.0,
    381921.0,
    381844.0,
    381837.0,
    381786.0,
    381761.0,
    381688.0,
    381681.0,
    381665.0,
    381657.0,
    381642.0,
    381641.0,
    381633.0,
    381632.0,
    381616.0,
    381575.0,
    381559.0,
    381554.0,
    381499.0,
    381419.0,
    381376.0,
    381374.0,
    381353.0,
    381349.0,
    381345.0,
    381342.0,
    381327.0,
    381317.0,
    381280.0,
    381279.0,
    381235.0,
    381228.0,
    381213.0,
    381206.0,
    381161.0,
    381160.0,
    381138.0,
    381131.0,
    381119.0,
    381112.0,
    381050.0,
    381022.0,
    380968.0,
    380879.0,
    380863.0,
    380746.0,
    380688.0,
    380670.0,
    380638.0,
    380601.0,
    380546.0,
    380519.0,
    380512.0,
    380502.0,
    380486.0
   ],
   "execution time": 23.946707718000003,
   "final cost": 380486.0,
   "final error": 0.6491513945909341,
   "finished_at": "2024-04-20--20:18:48",
   "initial sol cost": 393745.0,
   "initial solutions build time": 0.022071622000000003,
   "local source solutions updates": 319,
   "pher_deposition_time": 0.236347027017473,
   "sol cost mean recorded every ith iter": 20,