{
 "args": {
  "alg": "mfaco",
  "ants": 704,
  "backup list size": 64,
  "beta": 1.0,
  "cand list size": 16,
  "count new edges": 0,
  "gbest as source prob": 0.01,
  "id": "default",
  "iterations": 5000,
  "keep better ant sol": 1,
  "local search": 1,
  "ls cand list size": 20,
  "min new edges": 8,
  "p best": 0.1,
  "picture": true,
  "problem": "large_instances/Tnm30001.tsp",
  "repeat": 1,
  "results dir": "results",
  "rho": 0.5,
  "seed": 2332697842,
  "source sol local update": 1,
  "threads": 0
 },
 "executions": [
  {
   "ants solutions updates": 53114,
   "best sol cost iterations": [
    0,
    1,
    2,
    3,
    4,
    5,
    6,
    7,
    8,
    9,
    10,
    11,
    12,
    13,
    14,
    15,
    16,
    17,
    18,
    19,
    20,
    21,
    22,
    23,
    25,
    26,
    28,
    29,
    30,
    32,
    34,
    35,
    36,
    37,
    38,
    39,
    40,
    42,
    43,
    44,
    45,
    46,
    47,
    48,
    49,
    51,
    52,
    55,
    56,
    57,
    58,
    60,
    61,
    63,
    65,
    70,
    71,
    76,
    79,
    80,
    82,
    86,
    94,
    95,
    106,
    115,
    128,
    136,
    242,
    389,
    531,
    535,
    873,
    925,
    1051,
    1080,
    1753,
    2005,
    2650,
    2923,
    2996,
    3008,
    3346,
    3569,
    4177
   ],
   "best sol cost times": [
    0.024419,
    0.053881,
    0.072609,
    0.110661,
    0.134814,
    0.1507,
    0.232726,
    0.273491,
    0.321614,
    0.344507,
    0.391373,
    0.434783,
    0.46007,
    0.491867,
    0.555457,
    0.57397,
    0.604632,
    0.622865,
    0.669404,
    0.693623,
    0.716202,
    0.735106,
    0.760683,
    0.796264,
    0.838172,
    0.858586,
    0.892551,
    0.911382,
    0.930121,
    0.969822,
    1.006034,
    1.056391,
    1.088683,
    1.106259,
    1.126661,
    1.15083,
    1.175137,
    1.22676,
    1.261707,
    1.276963,
    1.299904,
    1.319524,
    1.339353,
    1.358485,
    1.379164,
    1.425858,
    1.447443,
    1.511319,
    1.527976,
    1.547105,
    1.565585,
    1.599259,
    1.616967,
    1.668845,
    1.700508,
    1.786304,
    1.803463,
    1.901627,
    1.962184,
    1.984953,
    2.031792,
    2.144172,
    2.279608,
    2.30002,
    2.539804,
    2.716981,
    2.981103,
    3.147107,
    5.129618,
    7.858663,
    10.403669,
    10.491321,
    16.725149,
    17.716568,
    20.160015,
    20.78268,
    33.319836,
    38.101554,
    50.072727,
    56.127135,
    57.50295,
    57.799642,
    64.495249,
    68.675068,
    80.656089
   ],
   "best sol cost values": [
    567017789.0,
    567012299.0,
    567012003.0,
    567003646.0,
    567001170.0,
    566993104.0,
    566987721.0,
    566985655.0,
    566985375.0,
    566984893.0,
    566983024.0,
    566982826.0,
    566982638.0,
    566982250.0,
    566982054.0,
    566981957.0,
    566981827.0,
    566981755.0,
    566981550.0,
    566981500.0,
    566981459.0,
    566981444.0,
    566981435.0,
    566981433.0,
    566981429.0,
    566981404.0,
    566981402.0,
    566981400.0,
    566977436.0,
    566977418.0,
    566977377.0,
    566974199.0,
    566974192.0,
    566974183.0,
    566974139.0,
    566974104.0,
    566974084.0,
    566974082.0,
    566974064.0,
    566974055.0,
    566974053.0,
    566974035.0,
    566974028.0,
    566974013.0,
    566973993.0,
    566973985.0,
    566973974.0,
    566973969.0,
    566973960.0,
    566973958.0,
    566973952.0,
    566973951.0,
    566973945.0,
    566973940.0,
    566973939.0,
    566973938.0,
    566973937.0,
    566973936.0,
    566973935.0,
    566973934.0,
    566973933.0,
    566973932.0,
    566973931.0,
    566973212.0,
    566973211.0,
    566973210.0,
    566973209.0,
    566973208.0,
    566973207.0,
    566973206.0,
    566973205.0,
    566973204.0,
    566973203.0,
    566973202.0,
    566973201.0,
    566973200.0,
    566973199.0,
    566973198.0,
    566973197.0,
    566973196.0,
    566973194.0,
    566973193.0,
    566973192.0,
    566973191.0,
    566973190.0
   ],
   "execution time": 97.09050093100001,
   "final cost": 566973190.0,
   "final error": -1.8695765876070466e-05,
   "finished_at": "2024-03-20T20:51:19.811758986",
   "initial sol cost": 567032359.0,
   "initial solutions build time": 0.30123019500000003,
   "local source solutions updates": 221,
   "pher_deposition_time": 1.8492754770022657,
   "sol cost mean recorded every ith iter": 20,