{
 "args": {
  "alg": "mfaco",
  "ants": 960,
  "backup list size": 64,
  "beta": 1.0,
  "cand list size": 16,
  "count new edges": 0,
  "gbest as source prob": 0.01,
  "id": "default",
  "iterations": 12000,
  "keep better ant sol": 1,
  "local search": 1,
  "ls cand list size": 20,
  "min new edges": 16,
  "p best": 0.1,
  "picture": true,
  "problem": "large_instances/Tnm60001.tsp",
  "repeat": 1,
  "results dir": "results",
  "rho": 0.5,
  "seed": 2974630540,
  "source sol local update": 1,
  "threads": 10
 },
 "executions": [
  {
   "ants solutions updates": 69436,
   "best sol cost iterations": [
    1,
    2,
    3,
    4,
    5,
    6,
    7,
    8,
    9,
    10,
    11,
    12,
    13,
    15,
    16,
    17,
    18,
    19,
    21,
    22,
    23,
    24,
    25,
    26,
    27,
    28,
    29,
    30,
    31,
    32,
    33,
    35,
    36,
    37,
    39,
    41,
    42,
    44,
    45,
    47,
    50,
    51,
    52,
    56,
    73,
    92,
    112,
    113,
    123,
    129,
    133,
    151,
    153,
    179,
    181,
    202,
    204,
    214,
    382,
    403,
    409,
    446,
    462,
    488,
    551,
    559,
    666,
    694,
    695,
    701,
    841,
    1113,
    1191,
    1378,
    1447,
    1584,
    1598,
    1639,
    1935,
    2667,
    2729,
    2798,
    2860,
    3481,
    3500
   ],
   "best sol cost times": [
    0.023446,
    0.040271,
    0.058831,
    0.089181,
    0.11659,
    0.326029,
    0.389595,
    0.474392,
    0.551575,
    0.65447,
    0.72274,
    0.823299,
    0.880422,
    0.994534,
    1.10618,
    1.169626,
    1.220421,
    1.306839,
    1.437565,
    1.53265,
    1.616191,
    1.69908,
    1.746833,
    1.803081,
    1.89651,
    1.986351,
    2.078964,
    2.310798,
    2.396516,
    2.479768,
    2.563042,
    2.741666,
    2.824426,
    2.920075,
    3.051556,
    3.202975,
    3.266204,
    3.432733,
    3.498979,
    3.78713,
    4.063217,
    4.136063,
    4.212137,
    4.529497,
    6.122633,
    7.879236,
    9.465519,
    9.591337,
    10.359428,
    11.408515,
    11.97038,
    14.996707,
    15.595839,
    20.082905,
    20.544544,
    24.093144,
    24.493194,
    26.018361,
    54.551845,
    58.147978,
    59.205547,
    65.499434,
    68.184403,
    72.207612,
    83.443886,
    84.714205,
    102.496332,
    106.912049,
    106.994164,
    107.995505,
    131.866239,
    177.284509,
    190.575851,
    222.799115,
    236.014777,
    259.392519,
    262.019637,
    269.36123,
    319.99739,
    445.712984,
    456.346758,
    468.569855,
    480.718643,
    590.136721,
    594.105707
   ],
   "best sol cost values": [
    1134882803.0,
    1134880686.0,
    1134880684.0,
    1134880681.0,
    1134875519.0,
    1134843975.0,
    1134830689.0,
    1134828912.0,
    1134826926.0,
    1134826302.0,
    1134825935.0,
    1134825814.0,
    1134825786.0,
    1134825682.0,
    1134825149.0,
    1134824780.0,
    1134824775.0,
    1134824761.0,
    1134821429.0,
    1134821401.0,
    1134821365.0,
    1134821362.0,
    1134821353.0,
    1134821349.0,
    1134818219.0,
    1134818193.0,
    1134818154.0,
    1134818149.0,
    1134818134.0,
    1134818100.0,
    1134818096.0,
    1134818079.0,
    1134818028.0,
    1134818011.0,
    1134818009.0,
    1134817987.0,
    1134817979.0,
    1134817260.0,
    1134817230.0,
    1134817225.0,
    1134817222.0,
    1134817219.0,
    1134817218.0,
    1134817217.0,
    1134817216.0,
    1134817215.0,
    1134817214.0,
    1134817213.0,
    1134817212.0,
    1134816495.0,
    1134816494.0,
    1134816493.0,
    1134816491.0,
    1134816490.0,
    1134816489.0,
    1134816488.0,
    1134816487.0,
    1134816486.0,
    1134816485.0,
    1134816484.0,
    1134816483.0,
    1134816482.0,
    1134816481.0,
    1134816479.0,
    1134816478.0,
    1134816477.0,
    1134816476.0,
    1134816475.0,
    1134816474.0,
    1134816473.0,
    1134816472.0,
    1134816471.0,
    1134816470.0,
    1134816469.0,
    1134816468.0,
    1134816467.0,
    1134816466.0,
    1134816465.0,
    1134816464.0,
    1134816463.0,
    1134816462.0,
    1134816461.0,
    1134816460.0,
    1134816459.0,
    1134816458.0
   ],
   "execution time": 602.080296649,
   "final cost": 1134816458.0,
   "final error": -0.0003773283170697074,
   "finished_at": "2024-05-08--16:23:25",
   "initial sol cost": 1134890514.0,
   "initial solutions build time": 1.702964047,
   "local source solutions updates": 189,
   "pher_deposition_time": 2.7549651729964353,
   "sol cost mean recorded every ith iter": 20,
   "sol cost mean values": [
    1134890514.0,
    1134824776.0,
    1134818012.0,
    1134817217.1,
    1134817216.0,
    1134817215.0,
    1134817213.0,
    1134816494.0,
    1134816491.0,
    1134816490.5,
    1134816489.0,
    1134816486.0,
    1134816486.0,
    1134816486.0,
    1134816486.0,
    1134816486.0,
    1134816486.0,
    1134816486.0,
    1134816486.0,
    1134816486.0,
    1134816485.0,
    1134816483.0,
    1134816483.0,
    1134816482.0,
    1134816481.0,
    1134816479.0,
    1134816479.0,
    1134816479.0,
    1134816477.5,
    1134816477.0,
    1134816477.0,
    1134816477.0,
    1134816477.0,
    1134816477.0,
    1134816476.0,
    1134816474.0,
    1134816473.0,
    1134816473.0,
    1134816473.0,
    1134816473.0,
    1134816473.0,
    1134816473.0,
    1134816473.0,
    1134816472.0,
    1134816472.0,
    1134816472.0,
    1134816472.0,
    1134816472.0,
    1134816472.0,
    1134816472.0,
    1134816472.0,
    1134816472.0,
    1134816472.0,
    1134816472.0,
    1134816472.0,
    1134816472.0,
    1134816471.0,
    1134816471.0,
    1134816471.0,
    1134816471.0,
    1134816470.0,
    1134816470.0,
    1134816470.0,
    1134816470.0,
    1134816470.0,
    1134816470.0,
    1134816470.0,
    1134816470.0,
    1134816470.0,
    1134816469.3,
    1134816469.0,
    1134816469.0,
    1134816469.0,
    1134816468.0,
    1134816468.0,
    1134816468.0,
    1134816468.0,
    1134816468.0,
    1134816468.0,
    1134816468.0,
    1134816466.2,
    1134816466.0,
    1134816465.5,
    1134816465.0,
    1134816465.0,
    1134816465.0,
    1134816465.0,
    1134816465.0,
    1134816465.0,
    1134816465.0,
    1134816465.0,
    1134816465.0,
    1134816465.0,
    1134816465.0,
    1134816465.0,
    1134816465.0,
    1134816465.0,
    1134816464.0,
    1134816464.0,
    1134816464.0,
    1134816464.0,
    1134816464.0,
    1134816464.0,
    1134816464.0,
    1134816464.0,
    1134816464.0,
    1134816464.0,
    1134816464.0,
    1134816464.0,
    1134816464.0,
    1134816464.0,
    1134816464.0,
    1134816464.0,
    1134816464.0,
    1134816464.0,
    1134816464.0,
    1134816464.0,
    1134816464.0,
    1134816464.0,
    1134816464.0,
    1134816464.0,
    1134816464.0,
    1134816464.0,
    1134816464.0,
    1134816464.0,
    1134816464.0,
    1134816464.0,
    1134816464.0,
    1134816464.0,
    1134816464.0,
    1134816464.0,
    1134816464.0,
    1134816464.0,
    1134816464.0,
    1134816463.0,
    1134816463.0,
    1134816463.0,
    1134816462.0,
    1134816462.0,
    1134816462.0,
    1134816461.2,
    1134816461.0,
    1134816461.0,
    1134816461.0,
    1134816460.0,
    1134816460.0,
    1134816460.0,
    1134816460.0,
    1134816460.0,
    1134816460.0,
    1134816460.0,
    1134816460.0,
    1134816460.0,
    1134816460.0,
    1134816460.0,
    1134816460.0,
    1134816460.0,
    1134816460.0,
    1134816460.0,
    1134816460.0,
    1134816460.0,
    1134816460.0,
    1134816460.0,
    1134816460.0,
    1134816460.0,
    1134816460.0,
    1134816460.0,
    1134816460.0,
    1134816460.0,
    1134816460.0,
    1134816460.0,
    1134816460.0,
    1134816460.0,
    1134816460.0,
    1134816460.0,
    1134816459.0,
    1134816458.0
   ],
   "sol cost stdev recorded every ith iter": 20,