{
 "args": {
  "alg": "mfaco",
  "ants": 1216,
  "backup list size": 64,
  "beta": 1.0,
  "cand list size": 16,
  "count new edges": 0,
  "gbest as source prob": 0.01,
  "id": "default",
  "iterations": 12000,
  "keep better ant sol": 1,
  "local search": 1,
  "ls cand list size": 20,
  "min new edges": 16,
  "p best": 0.1,
  "picture": true,
  "problem": "large_instances/Tnm90001.tsp",
  "repeat": 1,
  "results dir": "results",
  "rho": 0.5,
  "seed": 2680241081,
  "source sol local update": 1,
  "threads": 10
 },
 "executions": [
  {
   "ants solutions updates": 122339,
   "best sol cost iterations": [
    0,
    1,
    2,
    3,
    4,
    5,
    6,
    7,
    8,
    9,
    10,
    11,
    12,
    13,
    14,
    15,
    16,
    17,
    18,
    19,
    20,
    21,
    22,
    23,
    24,
    25,
    26,
    27,
    28,
    29,
    30,
    31,
    32,
    33,
    34,
    36,
    38,
    46,
    51,
    53,
    55,
    59,
    60,
    61,
    62,
    81,
    93,
    113,
    116,
    122,
    123,
    124,
    126,
    130,
    132,
    133,
    135,
    136,
    137,
    138,
    140,
    143,
    147,
    149,
    153,
    164,
    173,
    179,
    185,
    190,
    191,
    198,
    199,
    204,
    209,
    210,
    214,
    220,
    223,
    224,
    227,
    233,
    238,
    240,
    245,
    250,
    255,
    280,
    283,
    337,
    343,
    355,
    360,
    366,
    383,
    412,
    427,
    644,
    847,
    865,
    913,
    1121,
    1172,
    1176,
    1447,
    1459,
    1678,
    1681,
    1715,
    1736,
    1741,
    1752,
    1859,
    1870,
    2582,
    2595,
    2694,
    3444,
    3763,
    3930
   ],
   "best sol cost times": [
    0.021214,
    0.056412,
    0.092014,
    0.125796,
    0.307717,
    0.584351,
    0.702466,
    0.799645,
    0.898866,
    1.405625,
    1.503695,
    1.612675,
    1.763329,
    1.873992,
    2.08966,
    2.212983,
    2.343738,
    2.435656,
    2.536644,
    2.75666,
    2.875849,
    2.990877,
    3.109291,
    3.232897,
    3.378889,
    3.499532,
    3.617742,
    3.742401,
    3.945093,
    4.0692,
    4.268905,
    4.436281,
    4.653513,
    4.762632,
    4.874884,
    5.154673,
    5.385509,
    6.83626,
    7.682446,
    8.115297,
    8.500031,
    9.426117,
    9.628388,
    9.793491,
    9.915046,
    13.296163,
    15.337811,
    20.233452,
    20.730695,
    21.863384,
    21.959629,
    22.093767,
    22.372626,
    22.844867,
    23.105554,
    23.378033,
    23.780692,
    23.908102,
    24.10242,
    24.294517,
    24.602523,
    25.156681,
    25.669179,
    25.959078,
    26.538665,
    28.791744,
    30.256896,
    31.11833,
    32.005124,
    32.958216,
    33.070552,
    34.384666,
    34.622448,
    35.554694,
    36.259341,
    36.408606,
    37.016513,
    38.442597,
    38.801924,
    38.989284,
    39.487089,
    40.396527,
    41.480442,
    41.781101,
    42.712273,
    43.886719,
    44.469631,
    48.091695,
    48.569167,
    57.024338,
    57.769167,
    59.924597,
    60.5411,
    61.455088,
    64.123061,
    68.904987,
    71.664104,
    110.621113,
    143.407633,
    146.514225,
    155.346957,
    187.863589,
    195.580541,
    196.243036,
    241.414822,
    243.071365,
    279.862169,
    280.334031,
    285.406956,
    288.60462,
    289.695522,
    291.686934,
    310.228162,
    311.851202,
    431.962232,
    434.054356,
    450.159128,
    578.558133,
    632.484994,
    659.710859
   ],
   "best sol cost values": [
    1702730883.0,
    1702728452.0,
    1702728449.0,
    1702713736.0,
    1702702459.0,
    1702691444.0,
    1702680067.0,
    1702679398.0,
    1702676274.0,
    1702673911.0,
    1702672990.0,
    1702672649.0,
    1702672431.0,
    1702670072.0,
    1702668733.0,
    1702667846.0,
    1702667748.0,
    1702667625.0,
    1702667603.0,
    1702667500.0,
    1702667485.0,
    1702667178.0,
    1702667162.0,
    1702667140.0,
    1702667135.0,
    1702667131.0,
    1702667130.0,
    1702667127.0,
    1702667011.0,
    1702667010.0,
    1702667008.0,
    1702667006.0,
    1702667001.0,
    1702666998.0,
    1702666993.0,
    1702666991.0,
    1702666989.0,
    1702666988.0,
    1702664510.0,
    1702664494.0,
    1702664493.0,
    1702664492.0,
    1702664491.0,
    1702663153.0,
    1702662845.0,
    1702662844.0,
    1702662843.0,
    1702662841.0,
    1702662839.0,
    1702662838.0,
    1702662837.0,
    1702662836.0,
    1702662835.0,
    1702662834.0,
    1702662833.0,
    1702662831.0,
    1702662830.0,
    1702662829.0,
    1702662828.0,
    1702662827.0,
    1702662825.0,
    1702662824.0,
    1702662823.0,
    1702662822.0,
    1702662821.0,
    1702662819.0,
    1702662818.0,
    1702662817.0,
    1702662816.0,
    1702662815.0,
    1702662814.0,
    1702662811.0,
    1702662809.0,
    1702662807.0,
    1702662806.0,
    1702662805.0,
    1702662804.0,
    1702662803.0,
    1702662802.0,
    1702662801.0,
    1702662800.0,
    1702662799.0,
    1702662797.0,
    1702662796.0,
    1702662795.0,
    1702662794.0,
    1702662793.0,
    1702662792.0,
    1702662791.0,
    1702662790.0,
    1702662789.0,
    1702662788.0,
    1702662787.0,
    1702662786.0,
    1702662785.0,
    1702662784.0,
    1702662783.0,
    1702662782.0,
    1702662781.0,
    1702662780.0,
    1702662779.0,
    1702662778.0,
    1702662777.0,
    1702662776.0,
    1702662775.0,
    1702662773.0,
    1702662772.0,
    1702662771.0,
    1702662770.0,
    1702662769.0,
    1702662768.0,
    1702662767.0,
    1702662766.0,
    1702662765.0,
    1702662764.0,
    1702662762.0,
    1702662761.0,
    1702662760.0,
    1702662759.0,
    1702662758.0
   ],
   "execution time": 903.8807217200001,
   "final cost": 1702662758.0,
   "final error": -0.0002521338506831774,
   "finished_at": "2024-05-08--18:25:34",
   "initial sol cost": 1702786569.0,
   "initial solutions build time": 3.4252581330000003,
   "local source solutions updates": 276,
   "pher_deposition_time": 6.7295994499745575,
   "sol cost mean recorded every ith iter": 20,