{
 "args": {
  "alg": "mfaco",
  "ants": 1088,
  "backup list size": 64,
  "beta": 1.0,
  "cand list size": 16,
  "count new edges": 0,
  "gbest as source prob": 0.01,
  "id": "default",
  "iterations": 12000,
  "keep better ant sol": 1,
  "local search": 1,
  "ls cand list size": 20,
  "min new edges": 16,
  "p best": 0.1,
  "picture": true,
  "problem": "large_instances/Tnm70000.tsp",
  "repeat": 1,
  "results dir": "results",
  "rho": 0.5,
  "seed": 234393199,
  "source sol local update": 1,
  "threads": 10
 },
 "executions": [
  {
   "ants solutions updates": 63561,
   "best sol cost iterations": [
    0,
    1,
    2,
    4,
    5,
    6,
    7,
    8,
    9,
    10,
    11,
    12,
    13,
    14,
    15,
    16,
    17,
    18,
    19,
    20,
    21,
    22,
    24,
    26,
    27,
    30,
    36,
    44,
    45,
    47,
    48,
    49,
    50,
    51,
    52,
    53,
    54,
    55,
    56,
    59,
    60,
    61,
    63,
    68,
    81,
    83,
    87,
    143,
    145,
    150,
    180,
    218,
    347,
    358,
    464,
    616,
    1814,
    1954,
    3302,
    4700,
    4779,
    4967,
    4999,
    5082,
    5120,
    5153,
    5231,
    5341,
    5344
   ],
   "best sol cost times": [
    0.015485,
    0.03843,
    0.061627,
    0.110792,
    0.147016,
    0.392325,
    0.607076,
    0.955598,
    1.037368,
    1.121818,
    1.202411,
    1.28424,
    1.390469,
    1.467907,
    1.578926,
    1.931518,
    2.024059,
    2.174628,
    2.280409,
    2.36154,
    2.490449,
    2.576969,
    2.784979,
    2.990055,
    3.120221,
    3.489913,
    4.185208,
    5.178251,
    5.273821,
    5.500349,
    5.581092,
    5.674165,
    5.762015,
    5.88194,
    6.027285,
    6.14934,
    6.229426,
    6.353752,
    6.45424,
    6.884389,
    7.008791,
    7.10854,
    7.37435,
    8.023372,
    9.48607,
    9.765051,
    10.211647,
    17.129908,
    17.336152,
    17.850928,
    21.296706,
    26.144585,
    41.762669,
    43.131843,
    55.171118,
    73.939506,
    215.212439,
    231.600166,
    392.799175,
    558.86089,
    567.947644,
    591.112733,
    595.273385,
    605.27374,
    610.100747,
    613.794669,
    622.588467,
    635.068475,
    635.471453
   ],
   "best sol cost values": [
    1324143108.0,
    1324143088.0,
    1324143081.0,
    1324131784.0,
    1324129841.0,
    1324126862.0,
    1324112045.0,
    1324110788.0,
    1324109189.0,
    1324108737.0,
    1324107784.0,
    1324107734.0,
    1324107340.0,
    1324106936.0,
    1324106930.0,
    1324106785.0,
    1324106768.0,
    1324106354.0,
    1324106230.0,
    1324106225.0,
    1324106219.0,
    1324106218.0,
    1324106206.0,
    1324106205.0,
    1324106204.0,
    1324106091.0,
    1324106090.0,
    1324104758.0,
    1324104754.0,
    1324101965.0,
    1324101957.0,
    1324098686.0,
    1324098667.0,
    1324098665.0,
    1324098626.0,
    1324098615.0,
    1324098608.0,
    1324098606.0,
    1324098588.0,
    1324098587.0,
    1324098582.0,
    1324098578.0,
    1324098574.0,
    1324098572.0,
    1324098571.0,
    1324098569.0,
    1324098568.0,
    1324098165.0,
    1324097867.0,
    1324097866.0,
    1324097865.0,
    1324097864.0,
    1324097863.0,
    1324097862.0,
    1324097861.0,
    1324097860.0,
    1324097859.0,
    1324097858.0,
    1324097856.0,
    1324097855.0,
    1324097854.0,
    1324097853.0,
    1324097852.0,
    1324097851.0,
    1324097850.0,
    1324097849.0,
    1324097848.0,
    1324097847.0,
    1324097845.0
   ],
   "execution time": 701.8525413780001,
   "final cost": 1324097845.0,
   "final error": -0.00029990140879015303,
   "finished_at": "2024-05-08--19:19:05",
   "initial sol cost": 1324213090.0,
   "initial solutions build time": 1.535403523,
   "local source solutions updates": 177,
   "pher_deposition_time": 5.379408230090121,
   "sol cost mean recorded every ith iter": 20,
   "sol cost mean values": [
    1324209543.2,
    1324106293.2,
    1324106090.0,
    1324098588.2,
    1324098572.0,
    1324098568.0,
    1324098568.0,
    1324098568.0,
    1324097866.0,
    1324097866.0,
    1324097865.0,
    1324097864.3,
    1324097864.0,
    1324097864.0,
    1324097864.0,
    1324097864.0,
    1324097864.0,
    1324097864.0,
    1324097862.2,
    1324097862.0,
    1324097862.0,
    1324097862.0,
    1324097862.0,
    1324097862.0,
    1324097861.0,
    1324097861.0,
    1324097861.0,
    1324097861.0,
    1324097861.0,
    1324097861.0,
    1324097861.0,
    1324097860.1,
    1324097860.0,
    1324097860.0,
    1324097860.0,
    1324097860.0,
    1324097860.0,
    1324097860.0,
    1324097860.0,
    1324097860.0,
    1324097860.0,
    1324097860.0,
    1324097860.0,
    1324097860.0,
    1324097860.0,
    1324097860.0,
    1324097860.0,
    1324097860.0,
    1324097860.0,
    1324097860.0,
    1324097860.0,
    1324097860.0,
    1324097860.0,
    1324097860.0,
    1324097860.0,
    1324097860.0,
    1324097860.0,
    1324097860.0,
    1324097860.0,
    1324097860.0,
    1324097860.0,
    1324097860.0,
    1324097860.0,
    1324097860.0,
    1324097860.0,
    1324097860.0,
    1324097860.0,
    1324097860.0,
    1324097860.0,
    1324097860.0,
    1324097860.0,
    1324097860.0,
    1324097860.0,
    1324097860.0,
    1324097860.0,
    1324097860.0,
    1324097860.0,
    1324097860.0,
    1324097860.0,
    1324097860.0,
    1324097860.0,
    1324097860.0,
    1324097860.0,
    1324097860.0,
    1324097860.0,
    1324097860.0,
    1324097860.0,
    1324097860.0,
    1324097860.0,
    1324097860.0,
    1324097860.0,
    1324097859.0,
    1324097859.0,
    1324097859.0,
    1324097859.0,
    1324097859.0,
    1324097859.0,
    1324097859.0,
    1324097858.0,
    1324097858.0,
    1324097858.0,
    1324097858.0,
    1324097858.0,
    1324097858.0,
    1324097858.0,
    1324097858.0,
    1324097858.0,
    1324097858.0,
    1324097858.0,
    1324097858.0,
    1324097858.0,
    1324097858.0,
    1324097858.0,
    1324097858.0,
    1324097858.0,
    1324097858.0,
    1324097858.0,
    1324097858.0,
    1324097858.0,
    1324097858.0,
    1324097858.0,
    1324097858.0,
    1324097858.0,
    1324097858.0,
    1324097858.0,
    1324097858.0,
    1324097858.0,
    1324097858.0,
    1324097858.0,
    1324097858.0,
    1324097858.0,
    1324097858.0,
    1324097858.0,
    1324097858.0,
    1324097858.0,
    1324097858.0,
    1324097858.0,
    1324097858.0,
    1324097858.0,
    1324097858.0,
    1324097858.0,
    1324097858.0,
    1324097858.0,
    1324097858.0,
    1324097858.0,
    1324097858.0,
    1324097858.0,
    1324097858.0,
    1324097858.0,
    1324097858.0,
    1324097858.0,
    1324097858.0,
    1324097858.0,
    1324097858.0,
    1324097858.0,
    1324097858.0,
    1324097858.0,
    1324097858.0,
    1324097858.0,
    1324097858.0,
    1324097858.0,
    1324097858.0,
    1324097858.0,
    1324097858.0,
    1324097858.0,
    1324097858.0,
    1324097856.0,
    1324097856.0,
    1324097856.0,
    1324097856.0,
    1324097856.0,
    1324097856.0,
    1324097856.0,
    1324097856.0,
    1324097856.0,
    1324097856.0,
    1324097856.0,
    1324097856.0,
    1324097856.0,
    1324097856.0,
    1324097856.0,
    1324097856.0,
    1324097856.0,
    1324097856.0,
    1324097856.0,
    1324097856.0,
    1324097856.0,
    1324097856.0,
    1324097856.0,
    1324097856.0,
    1324097856.0,
    1324097856.0,
    1324097856.0,
    1324097856.0,
    1324097856.0,
    1324097856.0,
    1324097856.0,
    1324097856.0,
    1324097856.0,
    1324097856.0,
    1324097856.0,
    1324097856.0,
    1324097856.0,
    1324097856.0,
    1324097856.0,
    1324097856.0,
    1324097856.0,
    1324097856.0,
    1324097856.0,
    1324097856.0,
    1324097856.0,
    1324097856.0,
    1324097856.0,
    1324097856.0,
    1324097856.0,
    1324097856.0,
    1324097856.0,
    1324097856.0,
    1324097856.0,
    1324097856.0,
    1324097856.0,
    1324097856.0,
    1324097856.0,
    1324097856.0,
    1324097856.0,
    1324097856.0,
    1324097856.0,
