{
 "args": {
  "alg": "mfaco",
  "ants": 192,
  "backup list size": 64,
  "beta": 1.0,
  "cand list size": 16,
  "count new edges": 0,
  "gbest as source prob": 0.01,
  "id": "default",
  "iterations": 12000,
  "keep better ant sol": 1,
  "local search": 1,
  "ls cand list size": 20,
  "min new edges": 16,
  "p best": 0.1,
  "picture": true,
  "problem": "large_instances/pr2392.tsp",
  "repeat": 1,
  "results dir": "results",
  "rho": 0.5,
  "seed": 404101538,
  "source sol local update": 1,
  "threads": 10
 },
 "executions": [
  {
   "ants solutions updates": 11260,
   "best sol cost iterations": [
    0,
    1,
    2,
    3,
    4,
    5,
    6,
    7,
    8,
    9,
    10,
    11,
    12,
    14,
    16,
    17,
    18,
    19,
    21,
    22,
    23,
    24,
    25,
    26,
    27,
    29,
    30,
    31,
    32,
    33,
    35,
    36,
    38,
    39,
    40,
    41,
    42,
    44,
    45,
    46,
    47,
    48,
    49,
    50,
    52,
    53,
    54,
    59,
    60,
    61,
    64,
    66,
    68,
    70,
    71,
    74,
    75,
    76,
    78,
    79,
    80,
    81,
    82,
    83,
    89,
    92,
    93,
    94,
    97,
    101,
    103,
    104,
    106,
    108,
    117,
    127,
    153,
    197,
    198,
    247,
    416,
    417,
    418,
    419,
    420,
    421,
    424,
    441,
    458,
    475,
    551,
    577,
    738,
    885,
    896,
    897,
    898,
    1545,
    1718,
    1828,
    1864,
    1874,
    1875,
    1950,
    1952,
    2193,
    2219,
    2222,
    2895,
    3099,
    3108,
    3110,
    3349,
    3350,
    3380,
    3944,
    3946,
    3947,
    3987,
    4133,
    4135,
    4136,
    4137,
    4139,
    4140,
    4141,
    4151,
    4301,
    5523
   ],
   "best sol cost times": [
    0.001513,
    0.002146,
    0.002779,
    0.003517,
    0.004511,
    0.005875,
    0.007803,
    0.010503,
    0.013171,
    0.016048,
    0.018839,
    0.022277,
    0.024943,
    0.030238,
    0.040125,
    0.04315,
    0.046201,
    0.055018,
    0.061293,
    0.06464,
    0.06754,
    0.070156,
    0.072932,
    0.076008,
    0.078875,
    0.084792,
    0.087786,
    0.090777,
    0.094047,
    0.096705,
    0.10261,
    0.105546,
    0.111478,
    0.114505,
    0.117371,
    0.121793,
    0.125226,
    0.131181,
    0.134315,
    0.13724,
    0.140231,
    0.143799,
    0.146202,
    0.148843,
    0.155262,
    0.158064,
    0.161141,
    0.177966,
    0.181137,
    0.184459,
    0.193509,
    0.200205,
    0.206749,
    0.213699,
    0.216936,
    0.227091,
    0.23077,
    0.233727,
    0.240496,
    0.243597,
    0.246348,
    0.250009,
    0.252966,
    0.255884,
    0.276828,
    0.286636,
    0.290017,
    0.2932,
    0.30353,
    0.316925,
    0.32359,
    0.326765,
    0.333811,
    0.340359,
    0.370666,
    0.403071,
    0.492349,
    0.6404029999999999,
    0.643824,
    0.800816,
    1.469224,
    1.472894,
    1.476055,
    1.480372,
    1.483295,
    1.486196,
    1.496121,
    1.580932,
    1.654902,
    1.738016,
    2.039024,
    2.127507,
    2.664978,
    3.151716,
    3.188498,
    3.191932,
    3.195978,
    5.345327,
    5.957746,
    6.333026,
    6.455185,
    6.488686,
    6.492114,
    6.75197,
    6.758123,
    7.547153,
    7.642793,
    7.653318,
    9.802514,
    10.452329,
    10.481906,
    10.488549,
    11.253792,
    11.257624,
    11.35769,
    13.407221,
    13.414319,
    13.417586,
    13.554987,
    14.062036,
    14.067994,
    14.071175,
    14.074468,
    14.080943,
    14.08384,
    14.086756,
    14.122407,
    14.596762,
    19.16385
   ],
   "best sol cost values": [
    391703.0,
    390585.0,
    388780.0,
    388411.0,
    388144.0,
    387490.0,
    387289.0,
    386842.0,
    386648.0,
    386463.0,
    386406.0,
    386335.0,
    385949.0,
    385846.0,
    385569.0,
    385539.0,
    385121.0,
    384910.0,
    384864.0,
    384796.0,
    384679.0,
    384469.0,
    384294.0,
    384176.0,
    384139.0,
    384112.0,
    383966.0,
    383886.0,
    383700.0,
    383674.0,
    383561.0,
    383469.0,
    383377.0,
    383293.0,
    383178.0,
    383148.0,
    383142.0,
    383106.0,
    383029.0,
    382970.0,
    382916.0,
    382809.0,
    382775.0,
    382577.0,
    382576.0,
    382560.0,
    382500.0,
    382323.0,
    382282.0,
    382263.0,
    382233.0,
    382227.0,
    382199.0,
    382161.0,
    382126.0,
    382110.0,
    382100.0,
    382030.0,
    381922.0,
    381907.0,
    381832.0,
    381816.0,
    381810.0,
    381781.0,
    381711.0,
    381705.0,
    381615.0,
    381577.0,
    381561.0,
    381517.0,
    381481.0,
    381460.0,
    381437.0,
    381397.0,
    381385.0,
    381314.0,
    381297.0,
    381274.0,
    381245.0,
    381230.0,
    381184.0,
    381180.0,
    381089.0,
    380971.0,
    380770.0,
    380725.0,
    380717.0,
    380715.0,
    380702.0,
    380686.0,
    380684.0,
    380679.0,
    380633.0,
    380625.0,
    380609.0,
    380560.0,
    380516.0,
    380491.0,
    380439.0,
    380432.0,
    380378.0,
    380352.0,
    380292.0,
    380282.0,
    380199.0,
    380136.0,
    380123.0,
    380035.0,
    380005.0,
    379977.0,
    379951.0,
    379855.0,
    379831.0,
    379825.0,
    379809.0,
    379640.0,
    379572.0,
    379550.0,
    379534.0,
    379395.0,
    379358.0,
    379301.0,
    379300.0,
    379261.0,
    379250.0,
    379216.0,
    379210.0,
    379182.0,
    379141.0
   ],
   "execution time": 23.94532698,
   "final cost": 379141.0,
   "final error": 0.2933614085580057,
   "finished_at": "2024-04-20--22:46:02",
   "initial sol cost": 392574.0,
   "initial solutions build time": 0.020460997,
   "local source solutions updates": 259,
   "pher_deposition_time": 0.21634110200011492,
   "sol cost mean recorded every ith iter": 20,