{
 "args": {
  "alg": "mfaco",
  "ants": 192,
  "backup list size": 64,
  "beta": 1.0,
  "cand list size": 16,
  "count new edges": 0,
  "gbest as source prob": 0.01,
  "id": "default",
  "iterations": 5000,
  "keep better ant sol": 1,
  "local search": 1,
  "ls cand list size": 20,
  "min new edges": 8,
  "p best": 0.1,
  "picture": true,
  "problem": "large_instances/pr2392.tsp",
  "repeat": 1,
  "results dir": "results",
  "rho": 0.5,
  "seed": 12473286,
  "source sol local update": 1,
  "threads": 0
 },
 "executions": [
  {
   "ants solutions updates": 11755,
   "best sol cost iterations": [
    0,
    1,
    2,
    3,
    4,
    5,
    6,
    7,
    8,
    9,
    10,
    11,
    12,
    13,
    14,
    15,
    16,
    17,
    18,
    19,
    20,
    21,
    22,
    23,
    24,
    25,
    26,
    27,
    28,
    29,
    30,
    31,
    32,
    33,
    34,
    35,
    36,
    37,
    38,
    39,
    40,
    41,
    42,
    43,
    44,
    45,
    46,
    47,
    48,
    49,
    50,
    51,
    52,
    53,
    54,
    55,
    57,
    58,
    59,
    65,
    66,
    67,
    68,
    70,
    72,
    89,
    98,
    150,
    151,
    153,
    154,
    169,
    172,
    186,
    209,
    245,
    246,
    251,
    255,
    435,
    439,
    466,
    468,
    469,
    490,
    497,
    498,
    499,
    517,
    518,
    1393,
    1394,
    1400,
    1401,
    1406,
    1482,
    2029,
    2030,
    2198,
    2199,
    3381,
    3385,
    3397
   ],
   "best sol cost times": [
    0.032669,
    0.079533,
    0.081151,
    0.082565,
    0.085419,
    0.086187,
    0.087271,
    0.088551,
    0.096102,
    0.099791,
    0.103487,
    0.104934,
    0.106345,
    0.107775,
    0.108929,
    0.111318,
    0.115157,
    0.117595,
    0.118791,
    0.119973,
    0.121152,
    0.122335,
    0.123751,
    0.125051,
    0.126321,
    0.127652,
    0.128949,
    0.130315,
    0.131414,
    0.132589,
    0.133821,
    0.135062,
    0.136135,
    0.137317,
    0.138554,
    0.139605,
    0.14094,
    0.141979,
    0.143413,
    0.144672,
    0.145825,
    0.14699,
    0.148245,
    0.149529,
    0.150779,
    0.151812,
    0.153108,
    0.154217,
    0.155327,
    0.156433,
    0.15772,
    0.159056,
    0.160391,
    0.161573,
    0.162978,
    0.164371,
    0.166859,
    0.168038,
    0.169253,
    0.177404,
    0.178875,
    0.180027,
    0.181169,
    0.183624,
    0.187466,
    0.210784,
    0.222565,
    0.290937,
    0.292246,
    0.294756,
    0.296003,
    0.316121,
    0.320315,
    0.338773,
    0.369055,
    0.414838,
    0.416065,
    0.423442,
    0.429238,
    0.663789,
    0.669153,
    0.705976,
    0.708611,
    0.709826,
    0.736431,
    0.745099,
    0.746388,
    0.747547,
    0.769951,
    0.771136,
    2.035975,
    2.037735,
    2.08284,
    2.084113,
    2.091425,
    2.203288,
    2.963383,
    2.964606,
    3.205045,
    3.208449,
    4.881256,
    4.890484,
    4.940011
   ],
   "best sol cost values": [
    393769.0,
    393342.0,
    392582.0,
    391792.0,
    391368.0,
    390466.0,
    390123.0,
    389298.0,
    389035.0,
    388414.0,
    387963.0,
    387618.0,
    387445.0,
    387179.0,
    386916.0,
    386797.0,
    386661.0,
    386325.0,
    386168.0,
    385920.0,
    385794.0,
    385284.0,
    384997.0,
    384807.0,
    384701.0,
    384499.0,
    384297.0,
    384209.0,
    384001.0,
    383902.0,
    383816.0,
    383717.0,
    383376.0,
    383281.0,
    382978.0,
    382787.0,
    382653.0,
    382551.0,
    382493.0,
    382410.0,
    382329.0,
    382203.0,
    382165.0,
    382106.0,
    382039.0,
    381975.0,
    381918.0,
    381896.0,
    381870.0,
    381809.0,
    381783.0,
    381728.0,
    381618.0,
    381596.0,
    381538.0,
    381494.0,
    381439.0,
    381434.0,
    381386.0,
    381350.0,
    381322.0,
    381207.0,
    381190.0,
    381154.0,
    381066.0,
    381039.0,
    381030.0,
    380998.0,
    380991.0,
    380953.0,
    380921.0,
    380901.0,
    380843.0,
    380828.0,
    380762.0,
    380755.0,
    380739.0,
    380689.0,
    380688.0,
    380573.0,
    380440.0,
    380412.0,
    380370.0,
    380291.0,
    380265.0,
    380239.0,
    380236.0,
    380166.0,
    380158.0,
    380043.0,
    380042.0,
    380041.0,
    379999.0,
    379990.0,
    379989.0,
    379981.0,
    379960.0,
    379945.0,
    379932.0,
    379931.0,
    379863.0,
    379856.0,
    379847.0
   ],
   "execution time": 7.130382041000001,
   "final cost": 379847.0,
   "final error": 0.48011808524146105,
   "finished_at": "2024-03-20T20:48:24.524994851",
   "initial sol cost": 394746.0,
   "initial solutions build time": 0.020846456000000003,
   "local source solutions updates": 482,
   "pher_deposition_time": 0.1371972159931829,
   "sol cost mean recorded every ith iter": 20,