{
 "args": {
  "alg": "mfaco",
  "ants": 1088,
  "backup list size": 64,
  "beta": 1.0,
  "cand list size": 16,
  "count new edges": 0,
  "gbest as source prob": 0.01,
  "id": "default",
  "iterations": 12000,
  "keep better ant sol": 1,
  "local search": 1,
  "ls cand list size": 20,
  "min new edges": 16,
  "p best": 0.1,
  "picture": true,
  "problem": "large_instances/Tnm70000.tsp",
  "repeat": 1,
  "results dir": "results",
  "rho": 0.5,
  "seed": 1507982428,
  "source sol local update": 1,
  "threads": 10
 },
 "executions": [
  {
   "ants solutions updates": 52207,
   "best sol cost iterations": [
    0,
    1,
    2,
    3,
    4,
    5,
    6,
    7,
    8,
    9,
    10,
    11,
    12,
    13,
    14,
    15,
    16,
    17,
    18,
    19,
    20,
    21,
    22,
    23,
    24,
    25,
    26,
    27,
    29,
    30,
    31,
    32,
    33,
    34,
    35,
    36,
    37,
    39,
    42,
    45,
    46,
    351,
    493,
    510,
    701,
    766,
    769,
    813,
    837,
    925,
    2068,
    2081,
    2274,
    2459,
    3254,
    3605,
    4041,
    4044,
    4313
   ],
   "best sol cost times": [
    0.01325,
    0.036312,
    0.059645,
    0.083593,
    0.110232,
    0.142838,
    0.195134,
    0.552018,
    0.618658,
    0.93742,
    1.011899,
    1.362885,
    1.793616,
    1.869531,
    2.125582,
    2.207964,
    2.292071,
    2.445442,
    2.551393,
    2.62971,
    2.740863,
    2.884746,
    2.970951,
    3.105983,
    3.205939,
    3.342724,
    3.745885,
    3.880201,
    4.174504,
    4.253241,
    4.341075,
    4.423422,
    4.565414,
    4.644178,
    4.785431,
    4.946783,
    5.086764,
    5.355204,
    5.702295,
    6.005372,
    6.103905,
    46.130614,
    63.141995,
    65.137407,
    87.541771,
    95.027043,
    95.52953,
    100.729972,
    104.161207,
    115.873343,
    260.515996,
    262.290547,
    286.300206,
    309.792284,
    406.402523,
    448.087791,
    501.621588,
    502.190884,
    535.682375
   ],
   "best sol cost values": [
    1324170215.0,
    1324163285.0,
    1324147326.0,
    1324144932.0,
    1324134087.0,
    1324127464.0,
    1324122084.0,
    1324113614.0,
    1324111046.0,
    1324110326.0,
    1324109171.0,
    1324108251.0,
    1324107395.0,
    1324107348.0,
    1324107013.0,
    1324106992.0,
    1324106979.0,
    1324106705.0,
    1324106588.0,
    1324106583.0,
    1324106555.0,
    1324106509.0,
    1324103196.0,
    1324103151.0,
    1324103150.0,
    1324103131.0,
    1324103107.0,
    1324103087.0,
    1324103086.0,
    1324103082.0,
    1324103081.0,
    1324103075.0,
    1324103069.0,
    1324098653.0,
    1324098639.0,
    1324098595.0,
    1324098588.0,
    1324098572.0,
    1324098566.0,
    1324098564.0,
    1324098563.0,
    1324097847.0,
    1324097846.0,
    1324097845.0,
    1324097844.0,
    1324097843.0,
    1324097842.0,
    1324097841.0,
    1324097840.0,
    1324097839.0,
    1324097838.0,
    1324097837.0,
    1324097836.0,
    1324097835.0,
    1324097834.0,
    1324097833.0,
    1324097832.0,
    1324097831.0,
    1324097830.0
   ],
   "execution time": 701.7528937420001,
   "final cost": 1324097830.0,
   "final error": -0.0003010342521877487,
   "finished_at": "2024-05-08--17:57:07",
   "initial sol cost": 1324172202.0,
   "initial solutions build time": 1.4498188730000001,
   "local source solutions updates": 146,
   "pher_deposition_time": 5.216230239942888,
   "sol cost mean recorded every ith iter": 20,
   "sol cost mean values": [
    1324172194.7,
    1324106602.1,
    1324098585.1,
    1324098563.0,
    1324098563.0,
    1324098563.0,
    1324098563.0,
    1324098563.0,
    1324098563.0,
    1324098563.0,
    1324098563.0,
    1324098563.0,
    1324098563.0,
    1324098563.0,
    1324098563.0,
    1324098563.0,
    1324098563.0,
    1324098563.0,
    1324097847.0,
    1324097847.0,
    1324097847.0,
    1324097847.0,
    1324097847.0,
    1324097847.0,
    1324097847.0,
    1324097846.0,
    1324097845.0,
    1324097845.0,
    1324097845.0,
    1324097845.0,
    1324097845.0,
    1324097845.0,
    1324097845.0,
    1324097845.0,
    1324097845.0,
    1324097845.0,
    1324097844.0,
    1324097844.0,
    1324097844.0,
    1324097842.0,
    1324097842.0,
    1324097841.0,
    1324097840.1,
    1324097840.0,
    1324097840.0,
    1324097840.0,
    1324097840.0,
    1324097839.0,
    1324097839.0,
    1324097839.0,
    1324097839.0,
    1324097839.0,
    1324097839.0,
    1324097839.0,
    1324097839.0,
    1324097839.0,
    1324097839.0,
    1324097839.0,
    1324097839.0,
    1324097839.0,
    1324097839.0,
    1324097839.0,
    1324097839.0,
    1324097839.0,
    1324097839.0,
    1324097839.0,
    1324097839.0,
    1324097839.0,
    1324097839.0,
    1324097839.0,
    1324097839.0,
    1324097839.0,
    1324097839.0,
    1324097839.0,
    1324097839.0,
    1324097839.0,
    1324097839.0,
    1324097839.0,
    1324097839.0,
    1324097839.0,
    1324097839.0,
    1324097839.0,
    1324097839.0,
    1324097839.0,
    1324097839.0,
    1324097839.0,
    1324097839.0,
    1324097839.0,
    1324097839.0,
    1324097839.0,
    1324097839.0,
    1324097839.0,
    1324097839.0,
    1324097839.0,
    1324097839.0,
    1324097839.0,
    1324097839.0,
    1324097839.0,
    1324097839.0,
    1324097839.0,
    1324097839.0,
    1324097839.0,
    1324097839.0,
    1324097839.0,
    1324097838.0,
    1324097837.0,
    1324097837.0,
    1324097837.0,
    1324097837.0,
    1324097837.0,
    1324097837.0,
    1324097837.0,
    1324097837.0,
    1324097837.0,
    1324097836.0,
    1324097836.0,
    1324097836.0,
    1324097836.0,
    1324097836.0,
    1324097836.0,
    1324097836.0,
    1324097836.0,
    1324097836.0,
    1324097835.5,
    1324097835.0,
    1324097835.0,
    1324097835.0,
    1324097835.0,
    1324097835.0,
    1324097835.0,
    1324097835.0,
    1324097835.0,
    1324097835.0,
    1324097835.0,
    1324097835.0,
    1324097835.0,
    1324097835.0,
    1324097835.0,
    1324097835.0,
    1324097835.0,
    1324097835.0,
    1324097835.0,
    1324097835.0,
    1324097835.0,
    1324097835.0,
    1324097835.0,
    1324097835.0,
    1324097835.0,
    1324097835.0,
    1324097835.0,
    1324097835.0,
    1324097835.0,
    1324097835.0,
    1324097835.0,
    1324097835.0,
    1324097835.0,
    1324097835.0,
    1324097835.0,
    1324097835.0,
    1324097835.0,
    1324097835.0,
    1324097835.0,
    1324097835.0,
    1324097834.0,
    1324097834.0,
    1324097834.0,
    1324097834.0,
    1324097834.0,
    1324097834.0,
    1324097834.0,
    1324097834.0,
    1324097834.0,
    1324097834.0,
    1324097834.0,
    1324097834.0,
    1324097834.0,
    1324097834.0,
    1324097834.0,
    1324097834.0,
    1324097834.0,
    1324097834.0,
    1324097833.0,
    1324097833.0,
    1324097833.0,
    1324097833.0,
    1324097833.0,
    1324097833.0,
    1324097833.0,
    1324097833.0,
    1324097833.0,
    1324097833.0,
    1324097833.0,
    1324097833.0,
    1324097833.0,
    1324097833.0,
    1324097833.0,
    1324097833.0,
    1324097833.0,
    1324097833.0,
    1324097833.0,
    1324097833.0,
    1324097833.0,
    1324097833.0,
    1324097831.0,
    1324097831.0,
    1324097831.0,
    1324097831.0,
    1324097831.0,
    1324097831.0,
    1324097831.0,
    1324097831.0,
    1324097831.0,
    1324097831.0,
    1324097831.0,
    1324097831.0,
    1324097831.0,
    1324097830.0,
    1324097830.0,
    1324097830.0,
    1324097830.0,
    1324097830.0,
    1324097830.0,
    1324097830.0,
    1324097830.0,
    1324097830.0,
    1324097830.0,
    1324097830.0,
    1324097830.0,
    1324097830.0,
    1324097830.0,
    1324097830.0,
    1324097830.0,
    1324097830.0,
    1324097830.0,
    1324097830.0,
    1324097830.0,
    1324097830.0,
    1324097830.0,
    1324097830.0,
    1324097830.0,
    1324097830.0,
    1324097830.0,
    1324097830.0,
    1324097830.0,
    1324097830.0,
    1324097830.0,
    1324097830.0,
    1324097830.0,
    1324097830.0,
    1324097830.0,
