{
 "args": {
  "alg": "mfaco",
  "ants": 192,
  "backup list size": 64,
  "beta": 1.0,
  "cand list size": 16,
  "count new edges": 0,
  "gbest as source prob": 0.01,
  "id": "default",
  "iterations": 12000,
  "keep better ant sol": 1,
  "local search": 1,
  "ls cand list size": 20,
  "min new edges": 16,
  "p best": 0.1,
  "picture": true,
  "problem": "large_instances/pr2392.tsp",
  "repeat": 1,
  "results dir": "results",
  "rho": 0.5,
  "seed": 3134719649,
  "source sol local update": 1,
  "threads": 10
 },
 "executions": [
  {
   "ants solutions updates": 9025,
   "best sol cost iterations": [
    0,
    1,
    2,
    3,
    4,
    5,
    6,
    7,
    8,
    9,
    11,
    12,
    13,
    14,
    15,
    16,
    17,
    18,
    19,
    20,
    22,
    23,
    24,
    25,
    26,
    27,
    28,
    29,
    31,
    32,
    38,
    40,
    41,
    45,
    46,
    47,
    48,
    49,
    51,
    52,
    53,
    54,
    55,
    56,
    58,
    59,
    60,
    61,
    63,
    64,
    65,
    67,
    68,
    70,
    71,
    73,
    74,
    75,
    76,
    77,
    78,
    80,
    81,
    84,
    85,
    86,
    89,
    98,
    102,
    103,
    104,
    106,
    112,
    117,
    125,
    130,
    132,
    135,
    136,
    137,
    138,
    141,
    142,
    144,
    145,
    157,
    172,
    182,
    203,
    207,
    208,
    248,
    253,
    262,
    263,
    278,
    283,
    285,
    286,
    307,
    312,
    315,
    316,
    320,
    324,
    331,
    355,
    362,
    366,
    375,
    379,
    383,
    408,
    445,
    467,
    469,
    504,
    570,
    709,
    746,
    771,
    898,
    5588,
    5592,
    5611,
    5630
   ],
   "best sol cost times": [
    0.0006,
    0.001263,
    0.001979,
    0.002802,
    0.004219,
    0.005618,
    0.007943,
    0.011285,
    0.014979,
    0.017904,
    0.024556,
    0.027685,
    0.031426,
    0.034775,
    0.037761,
    0.040755,
    0.043804,
    0.047189,
    0.050678,
    0.054037,
    0.060059,
    0.063294,
    0.066243,
    0.069286,
    0.072207,
    0.074919,
    0.077988,
    0.081109,
    0.08789,
    0.091098,
    0.111529,
    0.117931,
    0.121273,
    0.133532,
    0.136563,
    0.139533,
    0.142821,
    0.146643,
    0.153065,
    0.156693,
    0.160408,
    0.163469,
    0.166386,
    0.168945,
    0.174727,
    0.178133,
    0.180955,
    0.184593,
    0.192454,
    0.195681,
    0.198909,
    0.204776,
    0.20769,
    0.21425,
    0.217085,
    0.224165,
    0.227571,
    0.230784,
    0.234027,
    0.237072,
    0.239881,
    0.246441,
    0.249955,
    0.259801,
    0.263274,
    0.26615,
    0.276765,
    0.307438,
    0.320733,
    0.324407,
    0.327135,
    0.334509,
    0.355716,
    0.372659,
    0.40134,
    0.41993,
    0.426869,
    0.437046,
    0.440576,
    0.443547,
    0.446819,
    0.457231,
    0.461062,
    0.467824,
    0.471068,
    0.514731,
    0.582716,
    0.631752,
    0.727937,
    0.740961,
    0.744466,
    0.878542,
    0.894303,
    0.925021,
    0.927765,
    0.979952,
    0.998046,
    1.003903,
    1.007028,
    1.116373,
    1.136868,
    1.14627,
    1.155158,
    1.172467,
    1.190499,
    1.224995,
    1.346073,
    1.384819,
    1.39858,
    1.429988,
    1.443301,
    1.456381,
    1.554704,
    1.731648,
    1.840345,
    1.850004,
    1.982715,
    2.1961,
    2.647039,
    2.771602,
    2.858304,
    3.289832,
    18.602602,
    18.615776,
    18.679686,
    18.741449
   ],
   "best sol cost values": [
    391478.0,
    391108.0,
    390571.0,
    389415.0,
    389142.0,
    388865.0,
    388741.0,
    387580.0,
    387419.0,
    386428.0,
    386135.0,
    386008.0,
    385865.0,
    385563.0,
    385252.0,
    385072.0,
    384992.0,
    384854.0,
    384773.0,
    384743.0,
    384732.0,
    384530.0,
    384450.0,
    384257.0,
    384220.0,
    384055.0,
    384038.0,
    383877.0,
    383755.0,
    383623.0,
    383601.0,
    383479.0,
    383393.0,
    383357.0,
    383353.0,
    383271.0,
    383266.0,
    383241.0,
    383220.0,
    383217.0,
    383216.0,
    383169.0,
    382877.0,
    382802.0,
    382780.0,
    382723.0,
    382674.0,
    382429.0,
    382421.0,
    382320.0,
    382281.0,
    382244.0,
    382230.0,
    382173.0,
    382146.0,
    382143.0,
    382140.0,
    382062.0,
    381911.0,
    381907.0,
    381795.0,
    381720.0,
    381593.0,
    381511.0,
    381484.0,
    381455.0,
    381365.0,
    381352.0,
    381348.0,
    381322.0,
    381279.0,
    381259.0,
    381254.0,
    381231.0,
    381191.0,
    381178.0,
    381140.0,
    381121.0,
    381024.0,
    380907.0,
    380825.0,
    380805.0,
    380804.0,
    380788.0,
    380730.0,
    380718.0,
    380706.0,
    380697.0,
    380668.0,
    380653.0,
    380641.0,
    380635.0,
    380590.0,
    380542.0,
    380474.0,
    380469.0,
    380463.0,
    380456.0,
    380399.0,
    380393.0,
    380351.0,
    380313.0,
    379951.0,
    379926.0,
    379914.0,
    379896.0,
    379892.0,
    379859.0,
    379858.0,
    379853.0,
    379796.0,
    379744.0,
    379693.0,
    379688.0,
    379655.0,
    379630.0,
    379593.0,
    379587.0,
    379586.0,
    379515.0,
    379510.0,
    379477.0,
    379393.0,
    379391.0,
    379385.0,
    379380.0
   ],
   "execution time": 23.94317638,
   "final cost": 379380.0,
   "final error": 0.3565835696448978,
   "finished_at": "2024-04-21--03:25:29",
   "initial sol cost": 392548.0,
   "initial solutions build time": 0.019975858000000003,
   "local source solutions updates": 263,
   "pher_deposition_time": 0.2231173971813405,
   "sol cost mean recorded every ith iter": 20,