{
 "args": {
  "alg": "mfaco",
  "ants": 1280,
  "backup list size": 64,
  "beta": 1.0,
  "cand list size": 16,
  "count new edges": 0,
  "gbest as source prob": 0.01,
  "id": "default",
  "iterations": 12000,
  "keep better ant sol": 1,
  "local search": 1,
  "ls cand list size": 20,
  "min new edges": 16,
  "p best": 0.1,
  "picture": true,
  "problem": "large_instances/Tnm100000.tsp",
  "repeat": 1,
  "results dir": "results",
  "rho": 0.5,
  "seed": 1458620378,
  "source sol local update": 1,
  "threads": 10
 },
 "executions": [
  {
   "ants solutions updates": 201028,
   "best sol cost iterations": [
    0,
    1,
    2,
    3,
    4,
    5,
    6,
    7,
    8,
    9,
    10,
    11,
    12,
    13,
    14,
    15,
    16,
    17,
    18,
    19,
    20,
    21,
    22,
    23,
    24,
    25,
    26,
    27,
    28,
    29,
    30,
    31,
    33,
    34,
    35,
    37,
    38,
    39,
    40,
    41,
    42,
    45,
    47,
    49,
    52,
    53,
    54,
    55,
    56,
    57,
    59,
    61,
    62,
    63,
    65,
    66,
    68,
    69,
    70,
    71,
    73,
    74,
    76,
    77,
    78,
    80,
    81,
    84,
    85,
    87,
    88,
    89,
    90,
    91,
    92,
    94,
    99,
    100,
    101,
    103,
    105,
    106,
    109,
    111,
    112,
    117,
    119,
    120,
    123,
    124,
    126,
    127,
    128,
    130,
    132,
    134,
    136,
    138,
    140,
    141,
    147,
    151,
    157,
    158,
    159,
    160,
    163,
    167,
    170,
    172,
    182,
    183,
    187,
    191,
    192,
    196,
    197,
    199,
    204,
    208,
    209,
    210,
    214,
    218,
    219,
    222,
    224,
    227,
    228,
    234,
    236,
    238,
    246,
    248,
    254,
    256,
    260,
    261,
    262,
    265,
    266,
    274,
    275,
    279,
    286,
    289,
    290,
    298,
    303,
    307,
    315,
    325,
    327,
    329,
    338,
    339,
    343,
    345,
    346,
    355,
    365,
    471,
    477,
    481,
    492,
    501,
    507,
    510,
    511,
    515,
    531,
    570,
    574,
    584,
    589,
    594,
    614,
    616,
    648,
    674,
    697,
    722,
    750,
    758,
    832,
    836,
    837,
    1030,
    1096,
    1129,
    1304,
    1401,
    1858,
    1867,
    1910,
    1917,
    2303,
    2418,
    2437,
    2698,
    2914,
    3340,
    3353
   ],
   "best sol cost times": [
    0.024923,
    0.066243,
    0.108513,
    0.153201,
    0.201002,
    0.258734,
    0.342567,
    0.492134,
    0.794656,
    0.899556,
    1.039807,
    1.678467,
    2.336603,
    2.450895,
    2.937392,
    3.596711,
    3.703711,
    3.822594,
    4.37456,
    4.527105,
    4.654979,
    4.763265,
    5.12477,
    5.372832,
    5.496481,
    5.631356,
    6.259597,
    6.370861,
    6.480338,
    6.626297,
    6.78516,
    6.891127,
    7.12496,
    7.238603,
    7.509846,
    7.785662,
    7.914773,
    8.13744,
    8.28409,
    8.403657,
    8.528331,
    9.010752,
    9.350866,
    9.644743,
    10.064918,
    10.22704,
    10.344728,
    10.537142,
    10.671763,
    10.787417,
    11.127227,
    11.396716,
    11.528338,
    11.668911,
    11.960178,
    12.076594,
    12.410922,
    12.63756,
    12.73869,
    12.878572,
    13.102913,
    13.213494,
    13.488688,
    13.699885,
    13.861559,
    14.282661,
    14.3941,
    14.86541,
    15.092236,
    15.313969,
    15.424525,
    15.555608,
    15.675101,
    15.802167,
    15.912748,
    16.145602,
    16.87214,
    16.978194,
    17.113194,
    17.362515,
    17.618007,
    17.729647,
    18.228134,
    18.506315,
    18.676289,
    19.3428,
    19.648203,
    19.760754,
    20.242887,
    20.369986,
    20.624609,
    20.753284,
    20.86901,
    21.09457,
    21.369925,
    21.632985,
    21.9186,
    22.138051,
    22.45501,
    22.560717,
    23.486589,
    24.226668,
    25.088796,
    25.334717,
    25.45965,
    25.582023,
    26.009486,
    26.747673,
    27.205089,
    27.485588,
    28.931123,
    29.044325,
    29.506324,
    30.060277,
    30.222783,
    30.851713,
    30.972113,
    31.201012,
    31.807965,
    32.301771,
    32.569969,
    32.693032,
    33.545576,
    34.196324,
    34.303361,
    34.747213,
    34.967493,
    35.869867,
    35.979787,
    36.839263,
    37.273458,
    37.649968,
    38.753149,
    39.01061,
    39.982456,
    40.311713,
    40.901404,
    41.016713,
    41.227991,
    41.624107,
    41.736866,
    43.000508,
    43.188333,
    43.702142,
    44.803769,
    45.219966,
    45.350371,
    46.685896,
    47.473768,
    48.497651,
    50.600112,
    53.838379,
    54.236783,
    55.149704,
    57.533784,
    58.068639,
    59.188018,
    59.593209,
    59.719821,
    62.989344,
    66.567922,
    101.747936,
    103.978705,
    105.104891,
    108.773443,
    111.31349,
    113.702335,
    114.711937,
    114.899406,
    116.00978,
    122.147221,
    133.875596,
    134.849336,
    138.278028,
    139.825649,
    141.122972,
    145.887528,
    146.256203,
    154.587805,
    159.131424,
    165.335317,
    173.573216,
    182.242483,
    184.165699,
    204.859017,
    205.736329,
    206.204701,
    265.58641,
    286.867719,
    296.303424,
    344.413393,
    373.855846,
    510.589704,
    513.266032,
    526.210158,
    528.411761,
    652.147185,
    689.343241,
    694.623437,
    771.192761,
    832.154255,
    964.061919,
    967.978954
   ],