{
 "args": {
  "alg": "synthetic_smfaco",
  "ants": 256,
  "backup list size": 64,
  "beta": 1.0,
  "cand list size": 16,
  "count new edges": 0,
  "gbest as source prob": 0.01,
  "id": "default",
  "iterations": 5000,
  "keep better ant sol": 1,
  "local search": 1,
  "ls cand list size": 20,
  "min new edges": 8,
  "p best": 0.1,
  "picture": true,
  "problem": "large_instances/pr2392.tsp",
  "repeat": 1,
  "results dir": "results",
  "rho": 0.5,
  "seed": 2217210097,
  "source sol local update": 1,
  "threads": 0
 },
 "executions": [
  {
   "ants solutions updates": 19138,
   "best sol cost iterations": [
    0,
    1,
    2,
    3,
    4,
    5,
    6,
    7,
    8,
    9,
    10,
    11,
    12,
    13,
    14,
    15,
    16,
    17,
    18,
    19,
    20,
    21,
    22,
    23,
    24,
    25,
    26,
    27,
    28,
    29,
    30,
    31,
    32,
    34,
    35,
    36,
    37,
    38,
    39,
    41,
    42,
    44,
    45,
    48,
    50,
    51,
    52,
    53,
    54,
    55,
    57,
    59,
    61,
    62,
    63,
    64,
    65,
    66,
    67,
    68,
    69,
    71,
    72,
    73,
    74,
    75,
    76,
    77,
    82,
    83,
    84,
    85,
    89,
    90,
    94,
    96,
    100,
    103,
    107,
    114,
    117,
    130,
    133,
    134,
    135,
    147,
    149,
    153,
    161,
    163,
    175,
    176,
    177,
    178,
    181,
    183,
    185,
    186,
    188,
    192,
    193,
    195,
    196,
    201,
    223,
    224,
    226,
    227,
    229,
    251,
    253,
    257,
    260,
    1496,
    1498,
    1989,
    3178
   ],
   "best sol cost times": [
    0.016513,
    0.017417,
    0.017857,
    0.018325,
    0.018802,
    0.019291,
    0.019808,
    0.021174,
    0.024396,
    0.02636,
    0.028252,
    0.030507,
    0.039126,
    0.041251,
    0.043374,
    0.044507,
    0.05347,
    0.053953,
    0.05444,
    0.054933,
    0.055447,
    0.055957,
    0.056412,
    0.056912,
    0.065644,
    0.067696,
    0.069791,
    0.071636,
    0.072474,
    0.072981,
    0.073534,
    0.074043,
    0.074526,
    0.075488,
    0.076026,
    0.076514,
    0.079651,
    0.081576,
    0.08325,
    0.086487,
    0.088447,
    0.092254,
    0.093128,
    0.094541,
    0.095487,
    0.095969,
    0.09647,
    0.09695,
    0.097404,
    0.09785,
    0.098788,
    0.099789,
    0.100737,
    0.101224,
    0.101668,
    0.102208,
    0.102687,
    0.103174,
    0.10367,
    0.104175,
    0.104648,
    0.105598,
    0.106063,
    0.106532,
    0.106984,
    0.107479,
    0.107932,
    0.108409,
    0.110848,
    0.111316,
    0.111782,
    0.112268,
    0.114125,
    0.114569,
    0.116466,
    0.117376,
    0.119261,
    0.12064,
    0.12248,
    0.125836,
    0.127272,
    0.133348,
    0.134844,
    0.135306,
    0.135789,
    0.141586,
    0.142511,
    0.144369,
    0.148215,
    0.149138,
    0.154738,
    0.155204,
    0.155681,
    0.156167,
    0.157597,
    0.158536,
    0.15944,
    0.159887,
    0.160803,
    0.162716,
    0.163218,
    0.164163,
    0.16466,
    0.166979,
    0.177057,
    0.177508,
    0.178519,
    0.178964,
    0.17988,
    0.189819,
    0.190684,
    0.192507,
    0.193858,
    0.761219,
    0.762077,
    1.000391,
    1.599071
   ],
   "best sol cost values": [
    392211.0,
    391848.0,
    391011.0,
    390479.0,
    389980.0,
    389512.0,
    389332.0,
    389046.0,
    388925.0,
    388741.0,
    388416.0,
    388296.0,
    387866.0,
    387788.0,
    387325.0,
    387058.0,
    386922.0,
    386611.0,
    386123.0,
    386092.0,
    385822.0,
    385674.0,
    385490.0,
    385369.0,
    385353.0,
    385199.0,
    385197.0,
    385125.0,
    384805.0,
    384561.0,
    384524.0,
    384512.0,
    384483.0,
    384389.0,
    384331.0,
    384302.0,
    384247.0,
    384225.0,
    384125.0,
    384077.0,
    384056.0,
    384049.0,
    384035.0,
    383989.0,
    383988.0,
    383865.0,
    383840.0,
    383763.0,
    383726.0,
    383638.0,
    383591.0,
    383465.0,
    383383.0,
    383168.0,
    383148.0,
    383143.0,
    383069.0,
    383029.0,
    383018.0,
    382784.0,
    382736.0,
    382631.0,
    382626.0,
    382599.0,
    382508.0,
    382495.0,
    382433.0,
    382408.0,
    382340.0,
    382310.0,
    382306.0,
    382216.0,
    382200.0,
    382123.0,
    382047.0,
    381912.0,
    381862.0,
    381796.0,
    381762.0,
    381743.0,
    381507.0,
    381488.0,
    381404.0,
    381343.0,
    381331.0,
    381319.0,
    381315.0,
    381304.0,
    381253.0,
    381189.0,
    381184.0,
    381125.0,
    381095.0,
    381041.0,
    380995.0,
    380952.0,
    380897.0,
    380741.0,
    380738.0,
    380648.0,
    380630.0,
    380600.0,
    380574.0,
    380501.0,
    380396.0,
    380389.0,
    380368.0,
    380310.0,
    380291.0,
    380268.0,
    380194.0,
    380187.0,
    380178.0,
    380123.0,
    380029.0,
    380028.0,
    380013.0
   ],
   "execution time": 2.546684046,
   "final cost": 380013.0,
   "final error": 0.5240297117704321,
   "finished_at": "2024-03-31T02:14:49.857408815",
   "initial sol cost": 392826.0,
   "initial solutions build time": 0.100286313,
   "local source solutions updates": 465,
   "pher_deposition_time": 0.12966381599562737,
   "rho_": 0.5,
   "sol cost mean recorded every ith iter": 20,