{
 "args": {
  "alg": "synthetic_smfaco",
  "ants": 896,
  "backup list size": 64,
  "beta": 1.0,
  "cand list size": 16,
  "count new edges": 0,
  "gbest as source prob": 0.01,
  "id": "default",
  "iterations": 5000,
  "keep better ant sol": 1,
  "local search": 1,
  "ls cand list size": 20,
  "min new edges": 8,
  "p best": 0.1,
  "picture": true,
  "problem": "large_instances/Tnm30001.tsp",
  "repeat": 1,
  "results dir": "results",
  "rho": 0.5,
  "seed": 2002655299,
  "source sol local update": 1,
  "threads": 0
 },
 "executions": [
  {
   "ants solutions updates": 141110,
   "best sol cost iterations": [
    0,
    1,
    3,
    4,
    6,
    7,
    8,
    9,
    10,
    11,
    12,
    13,
    14,
    15,
    16,
    17,
    19,
    20,
    21,
    23,
    24,
    25,
    26,
    27,
    28,
    29,
    30,
    31,
    33,
    34,
    38,
    39,
    40,
    42,
    43,
    44,
    46,
    47,
    48,
    49,
    50,
    51,
    52,
    53,
    55,
    57,
    58,
    59,
    60,
    61,
    65,
    66,
    69,
    71,
    74,
    76,
    77,
    78,
    80,
    81,
    83,
    84,
    86,
    87,
    89,
    90,
    93,
    94,
    95,
    96,
    97,
    98,
    99,
    100,
    101,
    103,
    104,
    105,
    106,
    108,
    111,
    112,
    117,
    120,
    121,
    125,
    130,
    131,
    132,
    138,
    139,
    141,
    142,
    143,
    145,
    150,
    151,
    155,
    158,
    159,
    161,
    163,
    170,
    173,
    177,
    181,
    182,
    185,
    188,
    189,
    190,
    191,
    194,
    195,
    197,
    198,
    199,
    207,
    208,
    210,
    211,
    213,
    214,
    215,
    219,
    220,
    223,
    226,
    228,
    230,
    231,
    235,
    236,
    238,
    241,
    244,
    250,
    252,
    253,
    255,
    259,
    262,
    265,
    271,
    276,
    278,
    279,
    280,
    281,
    283,
    290,
    291,
    298,
    303,
    305,
    315,
    319,
    322,
    328,
    340,
    345,
    356,
    363,
    470,
    471,
    501,
    507,
    524,
    594,
    663,
    729
   ],
   "best sol cost times": [
    0.002474,
    0.007705,
    0.016281,
    0.02132,
    0.030002,
    0.03535,
    0.04105,
    0.046744,
    0.05251,
    0.058119,
    0.063454,
    0.069984,
    0.087713,
    0.093,
    0.099265,
    0.104561,
    0.113836,
    0.119262,
    0.124852,
    0.133787,
    0.139104,
    0.144787,
    0.150514,
    0.156161,
    0.161459,
    0.167214,
    0.17264,
    0.178079,
    0.187665,
    0.193397,
    0.207862,
    0.213095,
    0.218814,
    0.229738,
    0.241825,
    0.249564,
    0.259919,
    0.265363,
    0.271091,
    0.276898,
    0.282327,
    0.287716,
    0.293719,
    0.299321,
    0.308957,
    0.325736,
    0.331712,
    0.337306,
    0.343535,
    0.349169,
    0.365363,
    0.370892,
    0.38261,
    0.392077,
    0.405068,
    0.414245,
    0.419451,
    0.425172,
    0.434074,
    0.440299,
    0.450739,
    0.456158,
    0.46577,
    0.47107,
    0.484219,
    0.489397,
    0.501385,
    0.507507,
    0.51297,
    0.518553,
    0.524942,
    0.530414,
    0.536284,
    0.541687,
    0.547594,
    0.556508,
    0.561708,
    0.567385,
    0.572918,
    0.581892,
    0.593859,
    0.599064,
    0.616654,
    0.629335,
    0.635014,
    0.649694,
    0.670258,
    0.675851,
    0.681278,
    0.703411,
    0.709154,
    0.719563,
    0.724899,
    0.730416,
    0.739114,
    0.760368,
    0.766234,
    0.78085,
    0.792833,
    0.798089,
    0.807814,
    0.816603,
    0.841045,
    0.854128,
    0.869523,
    0.884768,
    0.890257,
    0.903251,
    0.91513,
    0.920423,
    0.926014,
    0.932,
    0.943809,
    0.949104,
    0.958452,
    0.964034,
    0.969613,
    0.997552,
    1.003613,
    1.013531,
    1.018838,
    1.027676,
    1.032874,
    1.038225,
    1.055134,
    1.060407,
    1.073339,
    1.088948,
    1.098551,
    1.107761,
    1.113597,
    1.130697,
    1.136316,
    1.145859,
    1.158184,
    1.171004,
    1.194475,
    1.203431,
    1.208609,
    1.217359,
    1.23271,
    1.245734,
    1.257235,
    1.280035,
    1.297884,
    1.307357,
    1.31878,
    1.325188,
    1.331154,
    1.340339,
    1.366345,
    1.371551,
    1.395355,
    1.414616,
    1.42381,
    1.45825,
    1.478129,
    1.491091,
    1.515716,
    1.558151,
    1.576845,
    1.614491,
    1.641911,
    2.063841,
    2.07358,
    2.395753,
    2.472217,
    2.572008,
    2.831689,
    3.348513,
    3.799975
   ],
   "best sol cost values": [
    567036593.0,
    567031143.0,
    567031142.0,
    567031119.0,
    567031102.0,
    567029096.0,
    567009756.0,
    567007638.0,
    567006436.0,
    567005548.0,
    567005262.0,
    567005250.0,
    567005100.0,
    567004338.0,
    567003872.0,
    567001397.0,
    566997535.0,
    566992085.0,
    566990888.0,
    566990496.0,
    566989432.0,
    566989311.0,
    566989070.0,
    566989065.0,
    566988948.0,
    566988844.0,
    566988828.0,
    566988771.0,
    566988686.0,
    566988565.0,
    566988559.0,
    566988548.0,
    566988509.0,
    566988478.0,
    566988453.0,
    566988419.0,
    566988395.0,
    566988363.0,
    566988341.0,
    566988331.0,
    566988326.0,
    566988314.0,
    566988290.0,
    566988289.0,
    566988258.0,
    566988255.0,
    566985555.0,
    566985552.0,
    566985547.0,
    566985533.0,
    566985526.0,
    566985510.0,
    566985496.0,
    566985482.0,
    566985467.0,
    566985461.0,
    566981116.0,
    566981082.0,
    566981061.0,
    566981050.0,
    566981046.0,
    566980591.0,
    566980575.0,
    566978294.0,
    566978291.0,
    566978286.0,
    566978284.0,
    566978240.0,
    566978232.0,
    566978207.0,
    566978206.0,
    566978188.0,
    566976454.0,
    566976445.0,
    566976443.0,
    566976436.0,
    566976426.0,
    566976422.0,
    566976419.0,
    566976413.0,
    566976411.0,
    566976403.0,
    566976377.0,
    566976346.0,
    566976318.0,
    566976307.0,
    566976292.0,
    566976276.0,
    566976269.0,
    566976249.0,
    566976236.0,
    566976208.0,
    566976197.0,
    566976195.0,
    566976191.0,
    566976178.0,
    566976173.0,
    566976172.0,
    566976165.0,
    566976160.0,
    566976150.0,
    566976138.0,
    566976131.0,
    566976126.0,
    566976124.0,
    566976112.0,
    566976109.0,
    566976100.0,
    566976095.0,
    566976089.0,
    566976084.0,
    566976073.0,
    566976068.0,
    566976067.0,
    566976065.0,
    566976062.0,
    566976058.0,
    566976053.0,
    566976045.0,
    566976044.0,
    566976040.0,
    566976038.0,
    566976037.0,
    566976035.0,
    566976034.0,
    566976032.0,
    566976031.0,
    566976030.0,
    566976028.0,
    566976023.0,
    566976019.0,
    566976018.0,
    566976013.0,
    566976009.0,
    566976008.0,
    566976006.0,
    566976003.0,
    566976002.0,
    566976001.0,
    566976000.0,
    566975998.0,
    566975996.0,
    566975995.0,
    566975994.0,
    566975991.0,
    566975989.0,
    566975988.0,
    566975987.0,
    566975984.0,
    566975983.0,
    566975982.0,
    566975981.0,
    566975980.0,
    566975977.0,
    566975975.0,
    566975974.0,
    566975973.0,
    566975972.0,
    566975971.0,
    566975970.0,
    566975969.0,
    566975968.0,
    566975967.0,
    566975413.0,
    566975412.0,
    566975411.0,
    566975410.0,
    566975409.0,
    566975408.0,
    566975407.0,
    566975406.0
   ],
   "execution time": 19.006135462,
   "final cost": 566975406.0,
   "final error": 0.00037215156602366683,
   "finished_at": "2024-03-31T02:15:33.787073243",
   "initial sol cost": 567042644.0,
   "initial solutions build time": 0.348537209,
   "local source solutions updates": 264,
   "pher_deposition_time": 1.7080913120144032,
   "rho_": 0.5,
   "sol cost mean recorded every ith iter": 20,