{
 "args": {
  "alg": "dynamic_ant_mfaco",
  "ants": 896,
  "backup list size": 64,
  "beta": 1.0,
  "cand list size": 16,
  "count new edges": 1,
  "gbest as source prob": 0.01,
  "id": "default",
  "iterations": 7000,
  "keep better ant sol": 1,
  "local search": 1,
  "ls cand list size": 20,
  "min new edges": 4,
  "p best": 0.1,
  "picture": true,
  "problem": "large_instances/Tnm50002.tsp",
  "repeat": 1,
  "results dir": "results",
  "rho": 0.5,
  "seed": 1985059476,
  "source sol local update": 1,
  "threads": 10
 },
 "executions": [
  {
   "ants solutions updates": 99127,
   "average visited": 83.4169099614967,
   "best sol cost iterations": [
    3,
    5,
    7,
    8,
    9,
    11,
    12,
    13,
    14,
    15,
    16,
    17,
    18,
    21,
    23,
    24,
    25,
    26,
    31,
    32,
    33,
    36,
    37,
    40,
    41,
    43,
    45,
    46,
    47,
    48,
    50,
    51,
    52,
    53,
    54,
    55,
    57,
    59,
    60,
    61,
    62,
    63,
    64,
    66,
    67,
    68,
    71,
    72,
    73,
    75,
    79,
    81,
    82,
    85,
    86,
    87,
    88,
    90,
    92,
    93,
    95,
    97,
    98,
    99,
    100,
    101,
    102,
    103,
    104,
    105,
    108,
    110,
    114,
    115,
    116,
    117,
    121,
    122,
    124,
    129,
    141,
    143,
    147,
    152,
    153,
    154,
    157,
    160,
    161,
    162,
    165,
    169,
    171,
    173,
    175,
    176,
    177,
    178,
    180,
    181,
    182,
    183,
    186,
    187,
    188,
    189,
    190,
    191,
    194,
    195,
    196,
    197,
    199,
    201,
    202,
    203,
    206,
    207,
    208,
    209,
    210,
    211,
    214,
    218,
    221,
    226,
    227,
    235,
    241,
    243,
    244,
    246,
    249,
    251,
    252,
    253,
    256,
    259,
    261,
    263,
    272,
    279,
    280,
    283,
    285,
    287,
    289,
    293,
    300,
    302,
    305,
    306,
    323,
    331,
    337,
    339,
    351,
    360,
    363,
    367,
    369,
    388,
    392,
    398,
    411,
    412,
    425,
    437,
    452,
    477,
    1118,
    1269,
    1637,
    1862,
    2047,
    2123,
    2177,
    2368,
    2416,
    2535,
    2883,
    4944,
    5009,
    5022,
    5093,
    5224,
    5776,
    5784,
    6140,
    6217,
    6596,
    6733,
    6994
   ],
   "best sol cost times": [
    0.020237,
    0.03721,
    0.05686,
    0.071764,
    0.083981,
    0.106622,
    0.119372,
    0.1322,
    0.144535,
    0.157404,
    0.169414,
    0.181499,
    0.196393,
    0.37658,
    0.401084,
    0.413823,
    0.42571,
    0.438315,
    0.497576,
    0.510113,
    0.522175,
    0.556608,
    0.568708,
    0.607337,
    0.618826,
    0.64247,
    0.670025,
    0.682238,
    0.693431,
    0.70616,
    0.728007,
    0.739971,
    0.75173,
    0.76359,
    0.775417,
    0.788372,
    0.811606,
    0.834731,
    0.848014,
    0.859976,
    0.874148,
    0.885367,
    0.896954,
    0.9208,
    0.932044,
    0.944062,
    1.010905,
    1.026423,
    1.038843,
    1.061712,
    1.109303,
    1.271349,
    1.283101,
    1.318585,
    1.330598,
    1.342737,
    1.354501,
    1.385298,
    1.441398,
    1.453472,
    1.510697,
    1.536914,
    1.549083,
    1.56514,
    1.603925,
    1.615641,
    1.638866,
    1.651204,
    1.664274,
    1.676491,
    1.740273,
    1.766066,
    1.814403,
    1.827967,
    1.839452,
    1.851263,
    1.899222,
    1.911122,
    1.937216,
    2.006253,
    2.323351,
    2.350839,
    2.413197,
    2.470883,
    2.488937,
    2.504543,
    2.539697,
    2.573221,
    2.584593,
    2.597124,
    2.639609,
    2.684274,
    2.707964,
    2.730067,
    2.759073,
    2.771275,
    2.783422,
    2.795234,
    2.823028,
    2.835047,
    2.846635,
    2.859365,
    2.899209,
    2.912337,
    2.929794,
    2.940774,
    2.973346,
    3.002252,
    3.03759,
    3.050342,
    3.064567,
    3.076073,
    3.126875,
    3.154801,
    3.169135,
    3.182836,
    3.229753,
    3.24305,
    3.28059,
    3.29264,
    3.330638,
    3.347272,
    3.410463,
    3.45991,
    3.496733,
    3.607895,
    3.648247,
    3.754865,
    3.851294,
    3.886387,
    3.902138,
    3.93672,
    3.988951,
    4.013183,
    4.024478,
    4.037444,
    4.073855,
    4.107958,
    4.142998,
    4.165318,
    4.299024,
    4.409849,
    4.42355,
    4.489939,
    4.520346,
    4.545035,
    4.573686,
    4.622613,
    4.734567,
    4.768522,
    4.827812,
    4.840837,
    5.123727,
    5.217158,
    5.290155,
    5.316974,
    5.499884,
    5.627416,
    5.661045,
    5.738509,
    5.767492,
    6.096712,
    6.150954,
    6.269112,
    6.494984,
    6.507205,
    6.681367,
    6.87008,
    7.059617,
    7.397543,
    17.071044,
    19.582516,
    25.981966,
    29.915944,
    33.496346,
    35.007556,
    36.153321,
    39.939533,
    40.916907,
    43.331403,
    50.628243,
    101.521892,
    103.349734,
    103.652527,
    105.685786,
    109.358765,
    125.631732,
    125.866627,
    136.92795,
    139.323567,
    151.436114,
    155.912796,
    164.514772
   ],