{
 "args": {
  "alg": "dynamic_ant_mfaco",
  "ants": 704,
  "backup list size": 64,
  "beta": 1.0,
  "cand list size": 16,
  "count new edges": 1,
  "gbest as source prob": 0.01,
  "id": "default",
  "iterations": 7000,
  "keep better ant sol": 1,
  "local search": 1,
  "ls cand list size": 20,
  "min new edges": 4,
  "p best": 0.1,
  "picture": true,
  "problem": "large_instances/Tnm30001.tsp",
  "repeat": 1,
  "results dir": "results",
  "rho": 0.5,
  "seed": 1760864563,
  "source sol local update": 1,
  "threads": 10
 },
 "executions": [
  {
   "ants solutions updates": 56942,
   "average visited": 86.73296786030622,
   "best sol cost iterations": [
    1,
    2,
    4,
    5,
    7,
    8,
    9,
    10,
    11,
    15,
    16,
    17,
    18,
    19,
    21,
    24,
    27,
    28,
    29,
    31,
    33,
    34,
    35,
    38,
    44,
    48,
    50,
    51,
    58,
    65,
    67,
    71,
    73,
    76,
    80,
    82,
    86,
    90,
    101,
    103,
    104,
    111,
    140,
    143,
    148,
    188,
    192,
    210,
    211,
    214,
    215,
    216,
    223,
    224,
    227,
    228,
    229,
    233,
    236,
    240,
    244,
    247,
    255,
    260,
    261,
    264,
    266,
    268,
    271,
    274,
    276,
    277,
    278,
    289,
    294,
    306,
    324,
    798,
    849,
    920,
    1024,
    1046,
    1180,
    1238,
    1748,
    2035,
    2163,
    2240,
    2276,
    2337,
    3171,
    3719,
    3743,
    3805,
    3816,
    3831,
    3926,
    3935,
    4061,
    4090,
    4173,
    4284,
    4612,
    4658,
    4735,
    4936,
    5015,
    6291,
    6367,
    6371,
    6610,
    6640,
    6914,
    6915,
    6945
   ],
   "best sol cost times": [
    0.003241,
    0.007112,
    0.014566,
    0.018636,
    0.029512,
    0.034508,
    0.039856,
    0.047355,
    0.061955,
    0.085069,
    0.092474,
    0.098068,
    0.104623,
    0.114484,
    0.126094,
    0.14152,
    0.160808,
    0.168105,
    0.173964,
    0.186707,
    0.205437,
    0.211927,
    0.21825,
    0.233584,
    0.266656,
    0.29646,
    0.308007,
    0.314499,
    0.35564,
    0.397637,
    0.409152,
    0.436925,
    0.448394,
    0.468724,
    0.493947,
    0.506681,
    0.530295,
    0.556837,
    0.618888,
    0.633868,
    0.644887,
    0.68342,
    0.846581,
    0.868196,
    0.898299,
    1.157185,
    1.201079,
    1.314182,
    1.321151,
    1.347979,
    1.353486,
    1.35881,
    1.41536,
    1.422446,
    1.44728,
    1.453453,
    1.460416,
    1.48959,
    1.512739,
    1.536926,
    1.565553,
    1.596712,
    1.658053,
    1.69926,
    1.705012,
    1.725564,
    1.737636,
    1.753676,
    1.778319,
    1.800903,
    1.813235,
    1.818649,
    1.8267929999999999,
    1.911658,
    1.965853,
    2.067924,
    2.201707,
    5.937764,
    6.392125,
    7.003004,
    7.919973,
    8.100195,
    9.293818,
    9.82258,
    14.628657,
    17.504351,
    18.78798,
    19.601633,
    19.986043,
    20.620393,
    29.867017,
    36.592351,
    36.907336,
    37.680179,
    37.817873,
    38.001505,
    39.266199,
    39.379215,
    41.010975,
    41.395135,
    42.490942,
    44.005571,
    48.50312,
    49.151481,
    50.221923,
    53.081461,
    54.256854,
    74.17213,
    75.431042,
    75.504623,
    79.547059,
    80.057868,
    84.787224,
    84.810189,
    85.308078
   ],
   "best sol cost values": [
    567007705.0,
    567004915.0,
    567004911.0,
    566991964.0,
    566991961.0,
    566991923.0,
    566991284.0,
    566991279.0,
    566991254.0,
    566987752.0,
    566987470.0,
    566987454.0,
    566987452.0,
    566987408.0,
    566987404.0,
    566987403.0,
    566986137.0,
    566982910.0,
    566982043.0,
    566982039.0,
    566981948.0,
    566981947.0,
    566981940.0,
    566981939.0,
    566981932.0,
    566981930.0,
    566981927.0,
    566981926.0,
    566981925.0,
    566981924.0,
    566981923.0,
    566981922.0,
    566981921.0,
    566981920.0,
    566981919.0,
    566981470.0,
    566981469.0,
    566981468.0,
    566981467.0,
    566981466.0,
    566981465.0,
    566981463.0,
    566979938.0,
    566977532.0,
    566977314.0,
    566977313.0,
    566977311.0,
    566975019.0,
    566975018.0,
    566975010.0,
    566975009.0,
    566974987.0,
    566974043.0,
    566974040.0,
    566974037.0,
    566974035.0,
    566974034.0,
    566974032.0,
    566974028.0,
    566974027.0,
    566974025.0,
    566974022.0,
    566974021.0,
    566974020.0,
    566974019.0,
    566974011.0,
    566974009.0,
    566974005.0,
    566974004.0,
    566974001.0,
    566973993.0,
    566973992.0,
    566973254.0,
    566973253.0,
    566973252.0,
    566973251.0,
    566973250.0,
    566973249.0,
    566973248.0,
    566973247.0,
    566973246.0,
    566973245.0,
    566973244.0,
    566973243.0,
    566973242.0,
    566973241.0,
    566973240.0,
    566973239.0,
    566973238.0,
    566973237.0,
    566973236.0,
    566973235.0,
    566973234.0,
    566973233.0,
    566973232.0,
    566973230.0,
    566973229.0,
    566973228.0,
    566973227.0,
    566973226.0,
    566973225.0,
    566973224.0,
    566973223.0,
    566973221.0,
    566973220.0,
    566973219.0,
    566973218.0,
    566973217.0,
    566973216.0,
    566973215.0,
    566973214.0,
    566973213.0,
    566973212.0,
    566973211.0,
    566973210.0
   ],
   "execution time": 86.64329363600001,
   "final cost": 566973210.0,
   "final error": -1.5168262880585474e-05,
   "finished_at": "2024-05-16--03:44:22",
   "initial sol cost": 567042092.0,
   "initial solutions build time": 0.34091621800000005,
   "local source solutions updates": 135,
   "pher_deposition_time": 2.4238025570011814,
   "sol cost mean recorded every ith iter": 20,