{
 "args": {
  "alg": "dynamic_ant_mfaco",
  "ants": 1088,
  "backup list size": 64,
  "beta": 1.0,
  "cand list size": 16,
  "count new edges": 1,
  "gbest as source prob": 0.01,
  "id": "default",
  "iterations": 7000,
  "keep better ant sol": 1,
  "local search": 1,
  "ls cand list size": 20,
  "min new edges": 4,
  "p best": 0.1,
  "picture": true,
  "problem": "large_instances/Tnm70000.tsp",
  "repeat": 1,
  "results dir": "results",
  "rho": 0.5,
  "seed": 2976639595,
  "source sol local update": 1,
  "threads": 10
 },
 "executions": [
  {
   "ants solutions updates": 114648,
   "average visited": 84.37038178780284,
   "best sol cost iterations": [
    1,
    5,
    6,
    7,
    10,
    11,
    15,
    17,
    18,
    19,
    20,
    22,
    23,
    24,
    25,
    26,
    27,
    28,
    29,
    30,
    31,
    33,
    34,
    35,
    36,
    38,
    39,
    40,
    41,
    42,
    43,
    44,
    45,
    48,
    50,
    51,
    52,
    53,
    54,
    55,
    56,
    58,
    59,
    60,
    62,
    64,
    65,
    68,
    71,
    74,
    75,
    77,
    78,
    83,
    84,
    85,
    86,
    88,
    89,
    93,
    94,
    97,
    105,
    108,
    116,
    119,
    120,
    133,
    136,
    137,
    139,
    144,
    150,
    156,
    160,
    171,
    175,
    176,
    177,
    178,
    181,
    196,
    200,
    204,
    205,
    208,
    212,
    213,
    214,
    218,
    224,
    230,
    232,
    236,
    237,
    242,
    254,
    257,
    260,
    264,
    267,
    272,
    276,
    281,
    284,
    291,
    297,
    298,
    299,
    303,
    307,
    317,
    322,
    332,
    341,
    349,
    353,
    355,
    358,
    377,
    378,
    380,
    382,
    383,
    386,
    390,
    397,
    402,
    405,
    408,
    411,
    413,
    415,
    416,
    419,
    421,
    435,
    438,
    439,
    450,
    462,
    463,
    465,
    476,
    520,
    567,
    598,
    599,
    955,
    1262,
    1358,
    1855,
    1891,
    1966,
    2010,
    2587,
    3041,
    3261,
    3659,
    3840,
    4387,
    4493,
    5038,
    5300,
    5535,
    5569,
    5769,
    5807,
    5991,
    6107,
    6358,
    6672
   ],
   "best sol cost times": [
    0.010679,
    0.06395,
    0.080464,
    0.099402,
    0.162004,
    0.181911,
    0.341839,
    0.383348,
    0.403368,
    0.426177,
    0.446506,
    0.485174,
    0.505683,
    0.525396,
    0.549091,
    0.571848,
    0.59228,
    0.613405,
    0.63312,
    0.655165,
    0.677026,
    0.718578,
    0.741686,
    0.76193,
    0.784281,
    0.825913,
    0.849235,
    0.868848,
    0.889739,
    0.911047,
    0.933843,
    0.953797,
    0.972987,
    1.037889,
    1.079646,
    1.105249,
    1.127269,
    1.151145,
    1.172546,
    1.194018,
    1.216494,
    1.256814,
    1.277018,
    1.298289,
    1.618856,
    1.656828,
    1.678437,
    2.02273,
    2.085737,
    2.144733,
    2.166175,
    2.208554,
    2.229092,
    2.55903,
    2.57929,
    2.598921,
    2.620116,
    2.689936,
    2.712626,
    2.793542,
    2.881108,
    2.937014,
    3.096838,
    3.16474,
    3.320768,
    3.385562,
    3.408367,
    4.247522,
    4.586791,
    4.711384,
    4.759051,
    4.854132,
    4.97299,
    5.093628,
    5.17049,
    5.834254,
    6.163109,
    6.182478,
    6.209021,
    6.230521,
    6.295429,
    6.584573,
    6.670588,
    6.745363,
    6.76797,
    6.841113,
    6.924998,
    6.945858,
    6.967946,
    7.054485,
    7.172422,
    7.288647,
    7.32832,
    7.411667,
    7.431973,
    7.527069,
    8.035084,
    8.178966,
    8.247424,
    8.327786,
    8.387975,
    8.482478,
    8.804025,
    8.903906,
    8.959875,
    9.101424,
    9.436237,
    9.457516,
    9.480687,
    9.556356,
    9.645379,
    9.847817,
    9.952407,
    10.438014,
    11.054811,
    11.208675,
    11.285036,
    11.32882,
    11.3903,
    11.755333,
    11.775696,
    12.030175,
    12.229469,
    12.250987,
    12.314285,
    12.392992,
    12.583794,
    12.67959,
    12.789582,
    12.911934,
    13.032898,
    13.074172,
    13.115763,
    13.136473,
    13.198594,
    13.24032,
    13.697269,
    13.815269,
    13.838123,
    14.319943,
    14.601037,
    14.622473,
    14.743621,
    15.096999,
    16.602617,
    17.760731,
    18.834525,
    18.903215,
    28.768141,
    38.466103,
    41.506735,
    59.06359,
    60.462337,
    63.149984,
    64.666101,
    86.252733,
    104.772349,
    113.535804,
    131.224996,
    139.294731,
    165.795047,
    171.045434,
    198.474275,
    211.778673,
    224.794193,
    226.802345,
    238.211162,
    240.308624,
    250.459993,
    257.330367,
    272.519011,
    291.54643
   ],
   "best sol cost values": [
    1324213078.0,
    1324204708.0,
    1324138995.0,
    1324135836.0,
    1324135233.0,
    1324132009.0,
    1324130903.0,
    1324130899.0,
    1324130885.0,
    1324130849.0,
    1324128433.0,
    1324128409.0,
    1324128118.0,
    1324112274.0,
    1324107957.0,
    1324107769.0,
    1324107709.0,
    1324107693.0,
    1324107340.0,
    1324107330.0,
    1324106980.0,
    1324106954.0,
    1324106896.0,
    1324106839.0,
    1324106724.0,
    1324106720.0,
    1324106712.0,
    1324106686.0,
    1324106600.0,
    1324106580.0,
    1324106579.0,
    1324106572.0,
    1324106499.0,
    1324106477.0,
    1324106438.0,
    1324106400.0,
    1324106393.0,
    1324106388.0,
    1324106383.0,
    1324106382.0,
    1324106371.0,
    1324106363.0,
    1324106361.0,
    1324106356.0,
    1324106350.0,
    1324106332.0,
    1324106330.0,
    1324106321.0,
    1324106320.0,
    1324106315.0,
    1324106312.0,
    1324106309.0,
    1324106308.0,
    1324106306.0,
    1324106299.0,
    1324106297.0,
    1324106290.0,
    1324106279.0,
    1324106278.0,
    1324106273.0,
    1324106271.0,
    1324106269.0,
    1324106242.0,
    1324106241.0,
    1324106240.0,
    1324106235.0,
    1324106234.0,
    1324106232.0,
    1324106231.0,
    1324106229.0,
    1324106227.0,
    1324106219.0,
    1324106106.0,
    1324106103.0,
    1324106102.0,
    1324106099.0,
    1324106098.0,
    1324102936.0,
    1324102935.0,
    1324102917.0,
    1324102900.0,
    1324102890.0,
    1324102869.0,
    1324102867.0,
    1324102866.0,
    1324102864.0,
    1324102858.0,
    1324102855.0,
    1324102847.0,
    1324102839.0,
    1324102837.0,
    1324102799.0,
    1324102797.0,
    1324102789.0,
    1324102788.0,
    1324102779.0,
    1324102777.0,
    1324102764.0,
    1324102762.0,
    1324102756.0,
    1324102754.0,
    1324102751.0,
    1324102749.0,
    1324102745.0,
    1324102743.0,
    1324102741.0,
    1324102739.0,
    1324102738.0,
    1324102730.0,
    1324102721.0,
    1324102718.0,
    1324102714.0,
    1324102711.0,
    1324102708.0,
    1324102707.0,
    1324102706.0,
    1324102705.0,
    1324102704.0,
    1324102703.0,
    1324102702.0,
    1324099466.0,
    1324099462.0,
    1324099461.0,
    1324099445.0,
    1324099438.0,
    1324099434.0,
    1324099431.0,
    1324099424.0,
    1324099422.0,
    1324099414.0,
    1324099413.0,
    1324099412.0,
    1324099410.0,
    1324099362.0,
    1324099361.0,
    1324099349.0,
    1324099339.0,
    1324098608.0,
    1324098607.0,
    1324098606.0,
    1324098605.0,
    1324098603.0,
    1324098591.0,
    1324098582.0,
    1324098581.0,
    1324098580.0,
    1324098156.0,
    1324097857.0,
    1324097856.0,
    1324097855.0,
    1324097854.0,
    1324097853.0,
    1324097852.0,
    1324097851.0,
    1324097850.0,
    1324097849.0,
    1324097848.0,
    1324097847.0,
    1324097846.0,
    1324097845.0,
    1324097844.0,
    1324097843.0,
    1324097842.0,
    1324097841.0,
    1324097840.0,
    1324097839.0,
    1324097838.0,
    1324097837.0,
    1324097836.0,
    1324097835.0,
    1324097834.0,
    1324097833.0
   ],
   "execution time": 313.440209133,
   "final cost": 1324097833.0,
   "final error": -0.00030080768350822956,
   "finished_at": "2024-05-16--05:10:27",
   "initial sol cost": 1324213090.0,