{
 "args": {
  "alg": "mfaco",
  "ants": 1088,
  "backup list size": 64,
  "beta": 1.0,
  "cand list size": 16,
  "count new edges": 1,
  "gbest as source prob": 0.01,
  "id": "default",
  "iterations": 12000,
  "keep better ant sol": 1,
  "local search": 1,
  "ls cand list size": 20,
  "min new edges": 4,
  "p best": 0.1,
  "picture": true,
  "problem": "large_instances/Tnm70000.tsp",
  "repeat": 1,
  "results dir": "results",
  "rho": 0.5,
  "seed": 2189061615,
  "source sol local update": 1,
  "threads": 10
 },
 "executions": [
  {
   "ants solutions updates": 122076,
   "average visited": 63.86237216605392,
   "best sol cost iterations": [
    5,
    7,
    9,
    11,
    13,
    15,
    19,
    23,
    25,
    27,
    29,
    31,
    33,
    35,
    37,
    39,
    41,
    43,
    45,
    47,
    49,
    51,
    53,
    55,
    57,
    59,
    61,
    67,
    69,
    71,
    75,
    77,
    79,
    81,
    83,
    85,
    87,
    91,
    97,
    99,
    101,
    103,
    107,
    109,
    113,
    115,
    117,
    127,
    135,
    137,
    143,
    149,
    153,
    157,
    163,
    165,
    169,
    171,
    173,
    177,
    179,
    181,
    197,
    199,
    205,
    207,
    211,
    215,
    223,
    229,
    237,
    243,
    247,
    269,
    273,
    275,
    289,
    293,
    301,
    309,
    347,
    363,
    367,
    369,
    373,
    375,
    377,
    379,
    383,
    385,
    387,
    389,
    393,
    397,
    399,
    401,
    405,
    409,
    413,
    417,
    427,
    431,
    435,
    441,
    443,
    461,
    493,
    719,
    883,
    1159,
    1401,
    2599,
    3373,
    3487,
    6879,
    7619
   ],
   "best sol cost times": [
    0.068445,
    0.097897,
    0.128085,
    0.161746,
    0.20263,
    0.321797,
    0.420684,
    0.510289,
    0.557897,
    0.60892,
    0.6556,
    0.705928,
    0.754576,
    0.799952,
    0.851307,
    0.898361,
    0.945119,
    1.028865,
    1.077547,
    1.122588,
    1.168204,
    1.213998,
    1.257224,
    1.306211,
    1.35123,
    1.395518,
    1.446752,
    1.665891,
    1.705469,
    1.824773,
    1.912302,
    1.957224,
    1.999246,
    2.042434,
    2.088891,
    2.135257,
    2.183858,
    2.268565,
    2.396954,
    2.444331,
    2.486821,
    2.53634,
    2.621618,
    2.67436,
    2.756422,
    2.798132,
    2.887586,
    3.101951,
    3.267622,
    3.314414,
    3.541304,
    3.672284,
    3.759675,
    3.851559,
    4.056787,
    4.097106,
    4.182727,
    4.222589,
    4.266265,
    4.347795,
    4.390688,
    4.521911,
    4.904884,
    4.948719,
    5.075518,
    5.118555,
    5.215848,
    5.300046,
    5.543462,
    5.667752,
    5.834389,
    5.956286,
    6.035425,
    6.564336,
    6.653995,
    6.755292,
    7.113071,
    7.291096,
    7.683517,
    7.847257,
    8.911146,
    9.300247,
    9.380111,
    9.481072,
    9.563597,
    9.607653000000001,
    9.651905,
    9.690335,
    9.775992,
    9.820892,
    9.862081,
    9.901762,
    9.981918,
    10.100265,
    10.144371,
    10.187781,
    10.298372,
    10.375031,
    10.454759,
    10.547014,
    10.808869,
    10.888286,
    10.966143,
    11.146612,
    11.191805,
    11.642822,
    12.542283,
    18.426451,
    23.367631,
    31.410993,
    36.70822,
    66.936888,
    87.762902,
    90.873233,
    179.782148,
    199.398683
   ],
   "best sol cost values": [
    1324220062.0,
    1324191596.0,
    1324133044.0,
    1324128995.0,
    1324121834.0,
    1324119438.0,
    1324118415.0,
    1324118181.0,
    1324117939.0,
    1324117488.0,
    1324116891.0,
    1324116658.0,
    1324116651.0,
    1324116451.0,
    1324115346.0,
    1324113127.0,
    1324113099.0,
    1324113047.0,
    1324113046.0,
    1324112811.0,
    1324111661.0,
    1324111408.0,
    1324111057.0,
    1324107936.0,
    1324107586.0,
    1324107575.0,
    1324107529.0,
    1324107518.0,
    1324107181.0,
    1324107159.0,
    1324107157.0,
    1324107005.0,
    1324107004.0,
    1324106995.0,
    1324106979.0,
    1324106820.0,
    1324106800.0,
    1324106642.0,
    1324106629.0,
    1324106590.0,
    1324106403.0,
    1324106401.0,
    1324106390.0,
    1324106350.0,
    1324106343.0,
    1324106275.0,
    1324106230.0,
    1324106202.0,
    1324106182.0,
    1324106168.0,
    1324106163.0,
    1324106155.0,
    1324106154.0,
    1324106142.0,
    1324106141.0,
    1324106134.0,
    1324106133.0,
    1324106132.0,
    1324106116.0,
    1324106115.0,
    1324106114.0,
    1324106113.0,
    1324106111.0,
    1324106110.0,
    1324106108.0,
    1324106107.0,
    1324106106.0,
    1324106103.0,
    1324106102.0,
    1324106101.0,
    1324106100.0,
    1324106098.0,
    1324106096.0,
    1324106095.0,
    1324106093.0,
    1324106092.0,
    1324106091.0,
    1324106090.0,
    1324106089.0,
    1324106088.0,
    1324102847.0,
    1324102839.0,
    1324099049.0,
    1324099044.0,
    1324098955.0,
    1324098953.0,
    1324098652.0,
    1324098639.0,
    1324098638.0,
    1324098636.0,
    1324098634.0,
    1324098633.0,
    1324098630.0,
    1324098629.0,
    1324098628.0,
    1324098625.0,
    1324098616.0,
    1324098610.0,
    1324098607.0,
    1324098606.0,
    1324098597.0,
    1324098596.0,
    1324098595.0,
    1324098584.0,
    1324098569.0,
    1324098565.0,
    1324098564.0,
    1324098563.0,
    1324098562.0,
    1324097840.0,
    1324097839.0,
    1324097838.0,
    1324097837.0,
    1324097836.0,
    1324097835.0,
    1324097834.0
   ],
   "execution time": 315.45012141800004,
   "final cost": 1324097834.0,
   "final error": -0.0003007321606150565,
   "finished_at": "2024-05-15--18:49:23",
   "initial sol cost": 1324220069.0,
   "initial solutions build time": 1.872576937,
   "local source solutions updates": 193,
   "pher_deposition_time": 5.786609062015486,
   "sol cost mean recorded every ith iter": 20,
   "sol cost mean values": [],
   "sol cost stdev recorded every ith iter": 20,
   "sol cost stdev values": [],
   "started_at": "2024-05-15--18:44:07",
   "total new edges": 50729864
  }
 ],
 "nn and backup lists calc time": 0.305971967,
 "trial max cost": 1324097834,
 "trial max error": -0.0003007321606150565,
 "trial mean cost": 1324097834.0,
 "trial mean error": -0.0003007321606150565,
 "trial min cost": 1324097834,
 "trial min error": -0.0003007321606150565,
 "trial time": 315.450203353
}