{
 "args": {
  "alg": "mfaco",
  "ants": 704,
  "backup list size": 64,
  "beta": 1.0,
  "cand list size": 16,
  "count new edges": 1,
  "gbest as source prob": 0.01,
  "id": "default",
  "iterations": 12000,
  "keep better ant sol": 1,
  "local search": 1,
  "ls cand list size": 20,
  "min new edges": 4,
  "p best": 0.1,
  "picture": true,
  "problem": "large_instances/Tnm30001.tsp",
  "repeat": 1,
  "results dir": "results",
  "rho": 0.5,
  "seed": 3316590414,
  "source sol local update": 1,
  "threads": 10
 },
 "executions": [
  {
   "ants solutions updates": 38539,
   "average visited": 75.2829462594697,
   "best sol cost iterations": [
    1,
    3,
    5,
    9,
    11,
    17,
    19,
    21,
    23,
    25,
    27,
    31,
    33,
    35,
    37,
    39,
    41,
    43,
    45,
    47,
    49,
    51,
    53,
    55,
    57,
    59,
    61,
    63,
    65,
    67,
    71,
    73,
    79,
    81,
    83,
    87,
    89,
    91,
    95,
    101,
    105,
    109,
    111,
    113,
    115,
    117,
    119,
    121,
    145,
    155,
    307,
    309,
    311,
    315,
    321,
    323,
    413,
    595
   ],
   "best sol cost times": [
    0.005297,
    0.012248,
    0.019218,
    0.032272,
    0.04071,
    0.072788,
    0.086798,
    0.102783,
    0.116107,
    0.135165,
    0.148185,
    0.171413,
    0.187656,
    0.199741,
    0.21706,
    0.228991,
    0.239246,
    0.261396,
    0.273795,
    0.286572,
    0.296597,
    0.309158,
    0.319335,
    0.33201,
    0.342112,
    0.351288,
    0.361876,
    0.372143,
    0.386575,
    0.398878,
    0.422133,
    0.433103,
    0.461806,
    0.472691,
    0.488456,
    0.511416,
    0.524204,
    0.5355,
    0.554365,
    0.588378,
    0.610597,
    0.630856,
    0.641936,
    0.651258,
    0.662192,
    0.673014,
    0.68545,
    0.696016,
    0.81633,
    0.870353,
    1.610099,
    1.622172,
    1.634194,
    1.656949,
    1.687476,
    1.698491,
    2.134193,
    3.008909
   ],
   "best sol cost values": [
    567040538.0,
    567040537.0,
    567040157.0,
    567025447.0,
    567025436.0,
    567006565.0,
    567004090.0,
    566995887.0,
    566993030.0,
    566992948.0,
    566991850.0,
    566988778.0,
    566988767.0,
    566987952.0,
    566987937.0,
    566985915.0,
    566985462.0,
    566984785.0,
    566984709.0,
    566984612.0,
    566984442.0,
    566984413.0,
    566984388.0,
    566984283.0,
    566984225.0,
    566984167.0,
    566984130.0,
    566984101.0,
    566984086.0,
    566984054.0,
    566984050.0,
    566984031.0,
    566984023.0,
    566984013.0,
    566984005.0,
    566983999.0,
    566983970.0,
    566983965.0,
    566983952.0,
    566983940.0,
    566983938.0,
    566983935.0,
    566983931.0,
    566981886.0,
    566979884.0,
    566979879.0,
    566979876.0,
    566979875.0,
    566979656.0,
    566979655.0,
    566977671.0,
    566977664.0,
    566975632.0,
    566975629.0,
    566975628.0,
    566975626.0,
    566975407.0,
    566975406.0
   ],
   "execution time": 58.294748713000004,
   "final cost": 566975406.0,
   "final error": 0.00037215156602366683,
   "finished_at": "2024-05-15--17:29:01",
   "initial sol cost": 567042644.0,
   "initial solutions build time": 0.413130276,
   "local source solutions updates": 120,
   "pher_deposition_time": 1.9188664139710454,
   "sol cost mean recorded every ith iter": 20,
   "sol cost mean values": [],
   "sol cost stdev recorded every ith iter": 20,
   "sol cost stdev values": [],
   "started_at": "2024-05-15--17:28:03",
   "total new edges": 32210898
  }
 ],
 "nn and backup lists calc time": 0.18342575400000002,
 "trial max cost": 566975406,
 "trial max error": 0.00037215156602366683,
 "trial mean cost": 566975406.0,
 "trial mean error": 0.00037215156602366683,
 "trial min cost": 566975406,
 "trial min error": 0.00037215156602366683,
 "trial time": 58.29576286
}