{
 "args": {
  "alg": "mfaco",
  "ants": 1088,
  "backup list size": 64,
  "beta": 1.0,
  "cand list size": 16,
  "count new edges": 1,
  "gbest as source prob": 0.01,
  "id": "default",
  "iterations": 12000,
  "keep better ant sol": 1,
  "local search": 1,
  "ls cand list size": 20,
  "min new edges": 4,
  "p best": 0.1,
  "picture": true,
  "problem": "large_instances/Tnm70000.tsp",
  "repeat": 1,
  "results dir": "results",
  "rho": 0.5,
  "seed": 3720450526,
  "source sol local update": 1,
  "threads": 10
 },
 "executions": [
  {
   "ants solutions updates": 127548,
   "average visited": 63.73620113357843,
   "best sol cost iterations": [
    3,
    7,
    9,
    11,
    15,
    17,
    19,
    21,
    23,
    25,
    29,
    33,
    35,
    37,
    39,
    41,
    43,
    45,
    47,
    49,
    51,
    53,
    55,
    57,
    59,
    61,
    65,
    69,
    71,
    73,
    75,
    77,
    79,
    81,
    83,
    85,
    87,
    89,
    91,
    93,
    95,
    97,
    101,
    105,
    109,
    111,
    113,
    115,
    117,
    119,
    121,
    123,
    125,
    127,
    131,
    133,
    139,
    143,
    147,
    149,
    155,
    157,
    161,
    163,
    167,
    169,
    171,
    173,
    179,
    181,
    189,
    193,
    195,
    197,
    199,
    201,
    203,
    205,
    213,
    215,
    217,
    221,
    223,
    225,
    229,
    231,
    235,
    237,
    241,
    245,
    249,
    253,
    257,
    261,
    263,
    265,
    267,
    275,
    277,
    281,
    283,
    285,
    289,
    295,
    303,
    305,
    307,
    317,
    329,
    333,
    337,
    339,
    343,
    353,
    365,
    371,
    401,
    411,
    421,
    455,
    467,
    509,
    517
   ],
   "best sol cost times": [
    0.04861,
    0.107836,
    0.140389,
    0.182594,
    0.276507,
    0.332597,
    0.39295,
    0.449929,
    0.513421,
    0.564936,
    0.664979,
    0.896053,
    0.94548,
    0.997922,
    1.046703,
    1.094695,
    1.283137,
    1.343415,
    1.399558,
    1.453747,
    1.506293,
    1.559985,
    1.611999,
    1.66441,
    1.723214,
    1.775265,
    1.998879,
    2.10396,
    2.285038,
    2.433032,
    2.488822,
    2.667427,
    2.719728,
    2.77436,
    2.823819,
    2.874628,
    2.92884,
    2.979561,
    3.030802,
    3.192775,
    3.306882,
    3.358381,
    3.457659,
    3.641925,
    3.737187,
    3.782279,
    3.830465,
    3.883798,
    3.932271,
    4.090043,
    4.147437,
    4.19881,
    4.372976,
    4.425144,
    4.524127,
    4.578177,
    4.749822,
    4.852304,
    4.950873,
    4.997907,
    5.144775,
    5.194223,
    5.302868,
    5.457506,
    5.781571,
    5.926953,
    5.977786,
    6.031842,
    6.174719,
    6.240125,
    6.439072,
    6.544432,
    6.59223,
    6.643333,
    6.692065,
    6.745643,
    6.797058,
    6.843283,
    7.241158,
    7.288417,
    7.336769,
    7.433278,
    7.483108,
    7.52642,
    7.742441,
    7.795274,
    8.006173,
    8.217762,
    8.31303,
    8.607571,
    8.709924000000001,
    8.802471,
    8.899459,
    9.071855,
    9.115855,
    9.169007,
    9.220553,
    9.410478,
    9.459004,
    9.630335,
    9.68151,
    9.730579,
    9.830279,
    9.970728,
    10.239841,
    10.285538,
    10.335894,
    10.65801,
    10.942087,
    11.039203,
    11.129334,
    11.181784,
    11.281674,
    11.564085,
    11.949094,
    12.1818,
    12.960664,
    13.185265,
    13.414056,
    14.516639,
    14.98214,
    16.237561,
    16.721358
   ],
   "best sol cost values": [
    1324164338.0,
    1324154358.0,
    1324125892.0,
    1324123491.0,
    1324122617.0,
    1324120894.0,
    1324120421.0,
    1324120172.0,
    1324120171.0,
    1324118627.0,
    1324118561.0,
    1324117017.0,
    1324117016.0,
    1324116961.0,
    1324112687.0,
    1324112626.0,
    1324112620.0,
    1324112192.0,
    1324107792.0,
    1324107728.0,
    1324107696.0,
    1324107695.0,
    1324107693.0,
    1324107678.0,
    1324107667.0,
    1324107652.0,
    1324107576.0,
    1324107466.0,
    1324107463.0,
    1324107446.0,
    1324107429.0,
    1324107324.0,
    1324107315.0,
    1324107294.0,
    1324103134.0,
    1324103034.0,
    1324103033.0,
    1324103018.0,
    1324102957.0,
    1324102943.0,
    1324102649.0,
    1324102625.0,
    1324102623.0,
    1324102620.0,
    1324102613.0,
    1324102380.0,
    1324102378.0,
    1324102352.0,
    1324102348.0,
    1324102346.0,
    1324102335.0,
    1324102242.0,
    1324102235.0,
    1324102220.0,
    1324102212.0,
    1324102200.0,
    1324102183.0,
    1324102158.0,
    1324102129.0,
    1324102128.0,
    1324102124.0,
    1324102121.0,
    1324099832.0,
    1324098174.0,
    1324098158.0,
    1324098157.0,
    1324098106.0,
    1324098103.0,
    1324098088.0,
    1324098070.0,
    1324098062.0,
    1324098040.0,
    1324098029.0,
    1324098028.0,
    1324098020.0,
    1324098014.0,
    1324098007.0,
    1324098006.0,
    1324098003.0,
    1324097991.0,
    1324097990.0,
    1324097987.0,
    1324097983.0,
    1324097980.0,
    1324097979.0,
    1324097975.0,
    1324097974.0,
    1324097968.0,
    1324097965.0,
    1324097959.0,
    1324097935.0,
    1324097934.0,
    1324097925.0,
    1324097923.0,
    1324097921.0,
    1324097918.0,
    1324097915.0,
    1324097913.0,
    1324097911.0,
    1324097907.0,
    1324097901.0,
    1324097899.0,
    1324097887.0,
    1324097877.0,
    1324097872.0,
    1324097869.0,
    1324097854.0,
    1324097846.0,
    1324097843.0,
    1324097842.0,
    1324097841.0,
    1324097839.0,
    1324097838.0,
    1324097837.0,
    1324097834.0,
    1324097833.0,
    1324097828.0,
    1324097826.0,
    1324097824.0,
    1324097822.0,
    1324097821.0,
    1324097820.0,
    1324097819.0
   ],
   "execution time": 421.23937602200004,
   "final cost": 1324097819.0,
   "final error": -0.00030186500401265215,
   "finished_at": "2024-05-15--18:44:07",
   "initial sol cost": 1324220069.0,
   "initial solutions build time": 1.3868264730000002,
   "local source solutions updates": 234,
   "pher_deposition_time": 5.7377953540508315,
   "sol cost mean recorded every ith iter": 20,
   "sol cost mean values": [],
   "sol cost stdev recorded every ith iter": 20,
   "sol cost stdev values": [],
   "started_at": "2024-05-15--18:37:06",
   "total new edges": 50744023
  }
 ],
 "nn and backup lists calc time": 0.31284992300000003,
 "trial max cost": 1324097819,
 "trial max error": -0.00030186500401265215,
 "trial mean cost": 1324097819.0,
 "trial mean error": -0.00030186500401265215,
 "trial min cost": 1324097819,
 "trial min error": -0.00030186500401265215,
 "trial time": 421.239465101
}