{
 "args": {
  "alg": "mfaco",
  "ants": 1088,
  "backup list size": 64,
  "beta": 1.0,
  "cand list size": 16,
  "count new edges": 1,
  "gbest as source prob": 0.01,
  "id": "default",
  "iterations": 12000,
  "keep better ant sol": 1,
  "local search": 1,
  "ls cand list size": 20,
  "min new edges": 4,
  "p best": 0.1,
  "picture": true,
  "problem": "large_instances/Tnm70000.tsp",
  "repeat": 1,
  "results dir": "results",
  "rho": 0.5,
  "seed": 752849535,
  "source sol local update": 1,
  "threads": 10
 },
 "executions": [
  {
   "ants solutions updates": 116745,
   "average visited": 63.69374915747549,
   "best sol cost iterations": [
    3,
    5,
    7,
    9,
    11,
    13,
    15,
    17,
    19,
    21,
    23,
    25,
    27,
    29,
    31,
    33,
    35,
    37,
    41,
    43,
    45,
    47,
    49,
    51,
    53,
    55,
    59,
    61,
    63,
    65,
    67,
    71,
    77,
    79,
    81,
    83,
    85,
    87,
    89,
    97,
    99,
    101,
    105,
    107,
    133,
    135,
    141,
    145,
    147,
    149,
    155,
    157,
    163,
    167,
    169,
    171,
    175,
    177,
    185,
    191,
    195,
    197,
    199,
    201,
    203,
    205,
    207,
    213,
    217,
    225,
    233,
    235,
    237,
    241,
    245,
    247,
    251,
    261,
    267,
    269,
    273,
    279,
    285,
    291,
    295,
    307,
    319,
    325,
    333,
    339,
    341,
    343,
    349,
    351,
    353,
    355,
    357,
    361,
    365,
    373,
    375,
    377,
    379,
    391,
    393,
    403,
    415,
    423,
    433,
    435,
    445
   ],
   "best sol cost times": [
    0.040152,
    0.065564,
    0.091729,
    0.11892,
    0.148203,
    0.182605,
    0.220109,
    0.258544,
    0.296015,
    0.330298,
    0.367702,
    0.404628,
    0.441338,
    0.476461,
    0.531591,
    0.56895,
    0.605106,
    0.64175,
    0.713363,
    0.74665,
    0.78452,
    0.821858,
    0.863085,
    0.899698,
    0.940478,
    0.993436,
    1.067079,
    1.105469,
    1.146732,
    1.186933,
    1.22395,
    1.30091,
    1.480131,
    1.520336,
    1.556789,
    1.594879,
    1.630144,
    1.67029,
    1.707275,
    1.865306,
    1.904826,
    1.943583,
    2.014546,
    2.050575,
    2.640837,
    2.676593,
    2.779095,
    2.968597,
    3.009582,
    3.097417,
    3.266017,
    3.30383,
    3.405565,
    3.481988,
    3.518834,
    3.552415,
    3.628825,
    3.677328,
    3.814606,
    3.977877,
    4.061867,
    4.102465,
    4.135811,
    4.178074,
    4.218232,
    4.252859,
    4.28833,
    4.399738,
    4.47089,
    4.641051,
    4.78573,
    4.820145,
    4.855757,
    4.952347,
    5.069682,
    5.113469,
    5.192186,
    5.418882,
    5.553506,
    5.588091,
    5.657656,
    5.767461,
    5.871044,
    6.007175,
    6.079906,
    6.280902,
    6.48932,
    6.629572,
    6.890616,
    6.994047,
    7.031102,
    7.070796,
    7.310273,
    7.356625,
    7.399901,
    7.43615,
    7.472445,
    7.540115,
    7.651327,
    7.778832,
    7.820843,
    7.857264,
    7.947793,
    8.216706,
    8.25113,
    8.451253,
    8.771421,
    8.961086,
    9.18989,
    9.224128,
    9.408395
   ],
   "best sol cost values": [
    1324149014.0,
    1324146953.0,
    1324143876.0,
    1324143813.0,
    1324143485.0,
    1324136991.0,
    1324136640.0,
    1324130519.0,
    1324130518.0,
    1324116232.0,
    1324113810.0,
    1324113645.0,
    1324113624.0,
    1324113210.0,
    1324113110.0,
    1324110944.0,
    1324108375.0,
    1324108339.0,
    1324108337.0,
    1324108336.0,
    1324105814.0,
    1324105731.0,
    1324105703.0,
    1324105613.0,
    1324105562.0,
    1324105385.0,
    1324105364.0,
    1324105132.0,
    1324104405.0,
    1324104398.0,
    1324104393.0,
    1324103682.0,
    1324103677.0,
    1324103579.0,
    1324103578.0,
    1324103528.0,
    1324103524.0,
    1324103210.0,
    1324103209.0,
    1324103162.0,
    1324103072.0,
    1324102991.0,
    1324102990.0,
    1324102763.0,
    1324102743.0,
    1324102639.0,
    1324102638.0,
    1324102635.0,
    1324102626.0,
    1324102623.0,
    1324102597.0,
    1324102308.0,
    1324102287.0,
    1324102281.0,
    1324102279.0,
    1324102257.0,
    1324102247.0,
    1324102220.0,
    1324102213.0,
    1324102193.0,
    1324102185.0,
    1324102181.0,
    1324102167.0,
    1324102159.0,
    1324102150.0,
    1324102149.0,
    1324102148.0,
    1324102089.0,
    1324102085.0,
    1324102072.0,
    1324102067.0,
    1324102058.0,
    1324102056.0,
    1324102049.0,
    1324102046.0,
    1324102040.0,
    1324102034.0,
    1324102026.0,
    1324102024.0,
    1324102002.0,
    1324102001.0,
    1324101999.0,
    1324101998.0,
    1324101989.0,
    1324101983.0,
    1324101976.0,
    1324100633.0,
    1324099508.0,
    1324099504.0,
    1324098146.0,
    1324098145.0,
    1324098144.0,
    1324098143.0,
    1324097845.0,
    1324097844.0,
    1324097841.0,
    1324097840.0,
    1324097838.0,
    1324097837.0,
    1324097834.0,
    1324097833.0,
    1324097832.0,
    1324097831.0,
    1324097830.0,
    1324097829.0,
    1324097827.0,
    1324097826.0,
    1324097823.0,
    1324097821.0,
    1324097820.0,
    1324097819.0
   ],
   "execution time": 257.362804396,
   "final cost": 1324097819.0,
   "final error": -0.00030186500401265215,
   "finished_at": "2024-05-15--18:53:40",
   "initial sol cost": 1324172202.0,
   "initial solutions build time": 1.476447799,
   "local source solutions updates": 183,
   "pher_deposition_time": 5.720053845952862,
   "sol cost mean recorded every ith iter": 20,
   "sol cost mean values": [],
   "sol cost stdev recorded every ith iter": 20,
   "sol cost stdev values": [],
   "started_at": "2024-05-15--18:49:23",
   "total new edges": 50737720
  }
 ],
 "nn and backup lists calc time": 0.31263768200000003,
 "trial max cost": 1324097819,
 "trial max error": -0.00030186500401265215,
 "trial mean cost": 1324097819.0,
 "trial mean error": -0.00030186500401265215,
 "trial min cost": 1324097819,
 "trial min error": -0.00030186500401265215,
 "trial time": 257.362896976
}