{
 "args": {
  "alg": "first_new_edge_mfaco",
  "ants": 704,
  "backup list size": 64,
  "beta": 1.0,
  "cand list size": 16,
  "count new edges": 1,
  "gbest as source prob": 0.01,
  "id": "default",
  "iterations": 12000,
  "keep better ant sol": 1,
  "local search": 1,
  "ls cand list size": 20,
  "min new edges": 4,
  "p best": 0.1,
  "picture": true,
  "problem": "large_instances/Tnm30001.tsp",
  "repeat": 1,
  "results dir": "results",
  "rho": 0.5,
  "seed": 1837899393,
  "source sol local update": 1,
  "threads": 10
 },
 "executions": [
  {
   "ants solutions updates": 66374,
   "average visited": 42.37207410037879,
   "best sol cost iterations": [
    1,
    3,
    5,
    7,
    9,
    11,
    13,
    15,
    17,
    19,
    21,
    25,
    29,
    31,
    37,
    39,
    41,
    43,
    47,
    49,
    51,
    53,
    55,
    65,
    93,
    103,
    117,
    145,
    159,
    165,
    195,
    215,
    217,
    245,
    249,
    303,
    307,
    315,
    321,
    323,
    347,
    351,
    449,
    463,
    713,
    717,
    723,
    727,
    741,
    745,
    747,
    751,
    753,
    755,
    763,
    777,
    787,
    789,
    797,
    811,
    817,
    845,
    1621,
    1823,
    2175,
    2187,
    2211,
    2369,
    2455,
    2493,
    2517,
    2541,
    2785,
    2803,
    3091,
    3099,
    3245,
    3389,
    3533,
    3663,
    3761,
    4405,
    4535,
    4753,
    5177,
    5291,
    5305,
    5399,
    6795,
    7323,
    7781,
    8009,
    8021,
    10723,
    10845,
    10877
   ],
   "best sol cost times": [
    0.005341,
    0.012314,
    0.019262,
    0.026251,
    0.033388,
    0.040823,
    0.050754,
    0.060299,
    0.072469,
    0.082392,
    0.090539,
    0.106387,
    0.127074,
    0.13663,
    0.161415,
    0.169619,
    0.185899,
    0.203194,
    0.2217,
    0.232378,
    0.241506,
    0.255532,
    0.272182,
    0.328346,
    0.457786,
    0.506755,
    0.585977,
    0.722003,
    0.79812,
    0.824175,
    0.972858,
    1.061365,
    1.069628,
    1.216334,
    1.236317,
    1.482621,
    1.502907,
    1.540383,
    1.574826,
    1.583515,
    1.718281,
    1.742444,
    2.243431,
    2.303762,
    3.481065,
    3.498834,
    3.533817,
    3.559896,
    3.625085,
    3.650882,
    3.661091,
    3.689286,
    3.699369,
    3.709251,
    3.744977,
    3.812059,
    3.871522,
    3.880498,
    3.923384,
    3.985807,
    4.013066,
    4.142894,
    7.984251,
    9.019096,
    10.743425,
    10.800039,
    10.925702,
    11.652728,
    12.15664,
    12.340181,
    12.464356,
    12.606885,
    13.88405,
    13.980714,
    15.45011,
    15.489037,
    16.242379,
    17.033584,
    17.860969,
    18.502965,
    18.981827,
    22.196823,
    22.850205,
    24.095129,
    26.269285,
    26.876972,
    26.959755,
    27.423441,
    34.024353,
    36.553662,
    38.723828,
    39.814161,
    39.871244,
    52.601945,
    53.171562,
    53.30994
   ],
   "best sol cost values": [
    567039262.0,
    567039259.0,
    567021942.0,
    566987493.0,
    566987491.0,
    566986852.0,
    566986809.0,
    566982317.0,
    566981868.0,
    566981867.0,
    566981860.0,
    566981804.0,
    566981743.0,
    566981697.0,
    566981673.0,
    566981672.0,
    566981667.0,
    566981665.0,
    566981661.0,
    566981645.0,
    566981644.0,
    566981541.0,
    566981481.0,
    566981473.0,
    566981471.0,
    566981470.0,
    566981469.0,
    566981466.0,
    566981465.0,
    566981464.0,
    566979939.0,
    566977533.0,
    566977315.0,
    566977314.0,
    566977313.0,
    566977312.0,
    566977311.0,
    566977310.0,
    566977309.0,
    566977308.0,
    566977307.0,
    566977306.0,
    566977304.0,
    566977303.0,
    566975007.0,
    566975005.0,
    566974999.0,
    566973266.0,
    566973264.0,
    566973263.0,
    566973261.0,
    566973259.0,
    566973257.0,
    566973255.0,
    566973254.0,
    566973253.0,
    566973252.0,
    566973251.0,
    566973250.0,
    566973246.0,
    566973243.0,
    566973242.0,
    566973241.0,
    566973240.0,
    566973238.0,
    566973237.0,
    566973236.0,
    566973235.0,
    566973234.0,
    566973233.0,
    566973232.0,
    566973230.0,
    566973229.0,
    566973228.0,
    566973227.0,
    566973226.0,
    566973225.0,
    566973224.0,
    566973223.0,
    566973222.0,
    566973221.0,
    566973220.0,
    566973219.0,
    566973218.0,
    566973217.0,
    566973216.0,
    566973215.0,
    566973214.0,
    566973213.0,
    566973212.0,
    566973211.0,
    566973210.0,
    566973209.0,
    566973208.0,
    566973207.0,
    566973206.0
   ],
   "execution time": 59.090476550000005,
   "final cost": 566973206.0,
   "final error": -1.5873763479682472e-05,
   "finished_at": "2024-05-15--01:31:51",
   "initial sol cost": 567042052.0,
   "initial solutions build time": 0.42944935500000003,
   "local source solutions updates": 111,
   "pher_deposition_time": 2.1814853150092404,
   "sol cost mean recorded every ith iter": 20,
   "sol cost mean values": [],
   "sol cost stdev recorded every ith iter": 20,
   "sol cost stdev values": [],
   "started_at": "2024-05-15--01:30:52",
   "total new edges": 32103234
  }
 ],
 "nn and backup lists calc time": 0.17409117500000001,
 "trial max cost": 566973206,
 "trial max error": -1.5873763479682472e-05,
 "trial mean cost": 566973206.0,
 "trial mean error": -1.5873763479682472e-05,
 "trial min cost": 566973206,
 "trial min error": -1.5873763479682472e-05,
 "trial time": 59.090583651
}