{
 "args": {
  "alg": "mfaco",
  "ants": 704,
  "backup list size": 64,
  "beta": 1.0,
  "cand list size": 16,
  "count new edges": 1,
  "gbest as source prob": 0.01,
  "id": "default",
  "iterations": 12000,
  "keep better ant sol": 1,
  "local search": 1,
  "ls cand list size": 20,
  "min new edges": 4,
  "p best": 0.1,
  "picture": true,
  "problem": "large_instances/Tnm30001.tsp",
  "repeat": 1,
  "results dir": "results",
  "rho": 0.5,
  "seed": 523264994,
  "source sol local update": 1,
  "threads": 10
 },
 "executions": [
  {
   "ants solutions updates": 82232,
   "average visited": 65.42505800189394,
   "best sol cost iterations": [
    1,
    5,
    7,
    9,
    11,
    13,
    15,
    17,
    19,
    21,
    23,
    25,
    27,
    29,
    31,
    33,
    35,
    37,
    39,
    41,
    43,
    45,
    47,
    49,
    51,
    53,
    55,
    57,
    59,
    61,
    63,
    65,
    67,
    69,
    71,
    73,
    75,
    77,
    79,
    81,
    85,
    91,
    95,
    97,
    99,
    101,
    103,
    105,
    107,
    109,
    111,
    113,
    115,
    117,
    119,
    123,
    125,
    127,
    129,
    131,
    133,
    135,
    137,
    139,
    143,
    145,
    147,
    149,
    157,
    159,
    161,
    163,
    165,
    169,
    171,
    173,
    175,
    177,
    179,
    181,
    183,
    187,
    189,
    191,
    193,
    195,
    197,
    199,
    201,
    203,
    213,
    215,
    217,
    219,
    223,
    227,
    233,
    237,
    239,
    243,
    247,
    249,
    251,
    255,
    257,
    259,
    263,
    267,
    281,
    283,
    287,
    293,
    295,
    299,
    301,
    303,
    309,
    311,
    313,
    319,
    323,
    325,
    345,
    353,
    571,
    1285,
    1615,
    2267,
    2435
   ],
   "best sol cost times": [
    0.006127,
    0.019139,
    0.026372,
    0.033913,
    0.04196,
    0.051656,
    0.062086,
    0.072914,
    0.085582,
    0.096826,
    0.109935,
    0.12031,
    0.131502,
    0.142141,
    0.154193,
    0.166804,
    0.179299,
    0.239807,
    0.300709,
    0.311101,
    0.324355,
    0.346692,
    0.357183,
    0.367515,
    0.379446,
    0.393368,
    0.404011,
    0.414706,
    0.426554,
    0.437469,
    0.447439,
    0.457805,
    0.467778,
    0.479496,
    0.492585,
    0.503074,
    0.517323,
    0.528701,
    0.539588,
    0.551796,
    0.580699,
    0.623525,
    0.643258,
    0.654445,
    0.668572,
    0.6802,
    0.690573,
    0.70055,
    0.710767,
    0.720585,
    0.730507,
    0.740775,
    0.7594,
    0.768971,
    0.790394,
    0.845981,
    0.855937,
    0.908253,
    0.920833,
    0.93216,
    0.943907,
    0.954129,
    1.007693,
    1.018606,
    1.048055,
    1.057814,
    1.06807,
    1.079965,
    1.150867,
    1.167633,
    1.177995,
    1.188166,
    1.20322,
    1.270491,
    1.2812,
    1.293554,
    1.309293,
    1.319503,
    1.330184,
    1.342033,
    1.352732,
    1.372703,
    1.38455,
    1.394526,
    1.404083,
    1.413631,
    1.42505,
    1.435563,
    1.447539,
    1.456893,
    1.516559,
    1.525741,
    1.535811,
    1.546259,
    1.565333,
    1.588388,
    1.619015,
    1.670792,
    1.68067,
    1.709622,
    1.739517,
    1.754856,
    1.767408,
    1.787911,
    1.799088,
    1.810451,
    1.839341,
    1.872218,
    1.945251,
    1.96369,
    1.992503,
    2.020735,
    2.03371,
    2.080966,
    2.090743,
    2.100806,
    2.132565,
    2.141772,
    2.160291,
    2.198952,
    2.225471,
    2.236474,
    2.357339,
    2.397552,
    3.617524,
    7.526803,
    9.321212,
    13.021716,
    13.972461
   ],
   "best sol cost values": [
    567084484.0,
    567018971.0,
    567018961.0,
    567018960.0,
    567011502.0,
    567010964.0,
    567008511.0,
    567004266.0,
    566996487.0,
    566993397.0,
    566993377.0,
    566993218.0,
    566992654.0,
    566992573.0,
    566990804.0,
    566986558.0,
    566985215.0,
    566985178.0,
    566985177.0,
    566984947.0,
    566984849.0,
    566984066.0,
    566984062.0,
    566984040.0,
    566983903.0,
    566983887.0,
    566983814.0,
    566983751.0,
    566983703.0,
    566980452.0,
    566980133.0,
    566980120.0,
    566979667.0,
    566979613.0,
    566979513.0,
    566979446.0,
    566979098.0,
    566978972.0,
    566978969.0,
    566978655.0,
    566978343.0,
    566978237.0,
    566978235.0,
    566978218.0,
    566978141.0,
    566977905.0,
    566977903.0,
    566977876.0,
    566977874.0,
    566977873.0,
    566977830.0,
    566977821.0,
    566977817.0,
    566977724.0,
    566977710.0,
    566977693.0,
    566977615.0,
    566977612.0,
    566977590.0,
    566977580.0,
    566977487.0,
    566977484.0,
    566977482.0,
    566977435.0,
    566977432.0,
    566977425.0,
    566977388.0,
    566977375.0,
    566977374.0,
    566977371.0,
    566977362.0,
    566977360.0,
    566977352.0,
    566977343.0,
    566977339.0,
    566977338.0,
    566977330.0,
    566977323.0,
    566977321.0,
    566977318.0,
    566977317.0,
    566977306.0,
    566977304.0,
    566977302.0,
    566977301.0,
    566977300.0,
    566977297.0,
    566977285.0,
    566977283.0,
    566977278.0,
    566977275.0,
    566977272.0,
    566977270.0,
    566977268.0,
    566977264.0,
    566977263.0,
    566977262.0,
    566975007.0,
    566974988.0,
    566973256.0,
    566973255.0,
    566973246.0,
    566973244.0,
    566973242.0,
    566973238.0,
    566973234.0,
    566973229.0,
    566973226.0,
    566973225.0,
    566973224.0,
    566973223.0,
    566973221.0,
    566973218.0,
    566973216.0,
    566973214.0,
    566973205.0,
    566973200.0,
    566973198.0,
    566973197.0,
    566973196.0,
    566973195.0,
    566973194.0,
    566973192.0,
    566973191.0,
    566973190.0,
    566973189.0,
    566973188.0,
    566973187.0,
    566973186.0
   ],
   "execution time": 69.18359388600001,
   "final cost": 566973186.0,
   "final error": -1.9401266475167466e-05,
   "finished_at": "2024-05-13--09:54:16",
   "initial sol cost": 567084487.0,
   "initial solutions build time": 0.400001665,
   "local source solutions updates": 284,
   "pher_deposition_time": 2.237224048058124,
   "sol cost mean recorded every ith iter": 20,
   "sol cost mean values": [],
   "sol cost stdev recorded every ith iter": 20,
   "sol cost stdev values": [],
   "started_at": "2024-05-13--09:53:07",
   "total new edges": 32724230
  }
 ],
 "nn and backup lists calc time": 0.16872632,
 "trial max cost": 566973186,
 "trial max error": -1.9401266475167466e-05,
 "trial mean cost": 566973186.0,
 "trial mean error": -1.9401266475167466e-05,
 "trial min cost": 566973186,
 "trial min error": -1.9401266475167466e-05,
 "trial time": 69.183692824
}