{
 "args": {
  "alg": "mfaco",
  "ants": 704,
  "backup list size": 64,
  "beta": 1.0,
  "cand list size": 16,
  "count new edges": 1,
  "gbest as source prob": 0.01,
  "id": "default",
  "iterations": 12000,
  "keep better ant sol": 1,
  "local search": 1,
  "ls cand list size": 20,
  "min new edges": 4,
  "p best": 0.1,
  "picture": true,
  "problem": "large_instances/Tnm30001.tsp",
  "repeat": 1,
  "results dir": "results",
  "rho": 0.5,
  "seed": 1056376162,
  "source sol local update": 1,
  "threads": 10
 },
 "executions": [
  {
   "ants solutions updates": 69289,
   "average visited": 65.37970679450757,
   "best sol cost iterations": [
    1,
    3,
    5,
    7,
    9,
    11,
    13,
    15,
    17,
    19,
    21,
    23,
    25,
    27,
    29,
    31,
    33,
    35,
    37,
    39,
    41,
    43,
    45,
    47,
    49,
    51,
    53,
    55,
    57,
    59,
    61,
    63,
    65,
    67,
    69,
    71,
    73,
    75,
    77,
    79,
    83,
    87,
    89,
    91,
    93,
    95,
    97,
    99,
    101,
    103,
    105,
    107,
    109,
    115,
    117,
    119,
    121,
    123,
    125,
    127,
    129,
    133,
    135,
    137,
    139,
    141,
    143,
    145,
    147,
    149,
    151,
    153,
    157,
    159,
    161,
    163,
    165,
    167,
    171,
    175,
    179,
    183,
    185,
    189,
    191,
    193,
    197,
    199,
    201,
    203,
    207,
    211,
    217,
    229,
    233,
    235,
    237,
    243,
    257,
    259,
    267,
    313,
    357,
    379,
    431,
    591,
    1109,
    1617
   ],
   "best sol cost times": [
    0.005779,
    0.012743,
    0.020044,
    0.027695,
    0.035403,
    0.043356,
    0.055932,
    0.068221,
    0.087115,
    0.098637,
    0.11422,
    0.124964,
    0.135503,
    0.153488,
    0.175105,
    0.188653,
    0.205048,
    0.218589,
    0.233102,
    0.254121,
    0.274318,
    0.285296,
    0.296274,
    0.307008,
    0.327741,
    0.350164,
    0.362089,
    0.372846,
    0.382939,
    0.394979,
    0.40531,
    0.423495,
    0.433218,
    0.444001,
    0.454083,
    0.475371,
    0.48541,
    0.497351,
    0.508806,
    0.521782,
    0.542118,
    0.566404,
    0.577798,
    0.588888,
    0.599951,
    0.611946,
    0.632205,
    0.64377,
    0.656525,
    0.666484,
    0.676648,
    0.693334,
    0.704668,
    0.73886,
    0.753046,
    0.765771,
    0.786453,
    0.796858,
    0.809646,
    0.82025,
    0.830821,
    0.849561,
    0.859054,
    0.874185,
    0.885493,
    0.897959,
    0.909034,
    0.929553,
    0.942568,
    0.964626,
    0.975796,
    0.989023,
    1.011671,
    1.021923,
    1.034822,
    1.047042,
    1.063111,
    1.073341,
    1.095005,
    1.12139,
    1.142457,
    1.170472,
    1.182228,
    1.202764,
    1.223438,
    1.235392,
    1.256072,
    1.270359,
    1.288546,
    1.298778,
    1.329764,
    1.349299,
    1.390411,
    1.472655,
    1.499227,
    1.510565,
    1.531717,
    1.570363,
    1.656305,
    1.665776,
    1.717827,
    1.983928,
    2.250608,
    2.376963,
    2.684418,
    3.658032,
    6.861415,
    10.078741
   ],
   "best sol cost values": [
    567084485.0,
    567082259.0,
    567028627.0,
    567026695.0,
    567026693.0,
    567024639.0,
    567024582.0,
    567010787.0,
    567000585.0,
    566998881.0,
    566991469.0,
    566991111.0,
    566989873.0,
    566989864.0,
    566985016.0,
    566985006.0,
    566984888.0,
    566984827.0,
    566984770.0,
    566984317.0,
    566984286.0,
    566981190.0,
    566980986.0,
    566980563.0,
    566979605.0,
    566979476.0,
    566979457.0,
    566979384.0,
    566979322.0,
    566979123.0,
    566979122.0,
    566979091.0,
    566978933.0,
    566978901.0,
    566978897.0,
    566978885.0,
    566978868.0,
    566978848.0,
    566978618.0,
    566978555.0,
    566978523.0,
    566978482.0,
    566978436.0,
    566977809.0,
    566977800.0,
    566977690.0,
    566977664.0,
    566977649.0,
    566977644.0,
    566977628.0,
    566977625.0,
    566977614.0,
    566977611.0,
    566977591.0,
    566977586.0,
    566977583.0,
    566977568.0,
    566977566.0,
    566977565.0,
    566977554.0,
    566977552.0,
    566977546.0,
    566977545.0,
    566977327.0,
    566977321.0,
    566977320.0,
    566977318.0,
    566977315.0,
    566977314.0,
    566976019.0,
    566976000.0,
    566975990.0,
    566975101.0,
    566973368.0,
    566973352.0,
    566973294.0,
    566973292.0,
    566973291.0,
    566973285.0,
    566973281.0,
    566973255.0,
    566973254.0,
    566973252.0,
    566973248.0,
    566973246.0,
    566973244.0,
    566973239.0,
    566973236.0,
    566973233.0,
    566973232.0,
    566973220.0,
    566973218.0,
    566973211.0,
    566973208.0,
    566973207.0,
    566973205.0,
    566973203.0,
    566973200.0,
    566973198.0,
    566973196.0,
    566973195.0,
    566973194.0,
    566973193.0,
    566973192.0,
    566973191.0,
    566973190.0,
    566973189.0,
    566973188.0
   ],
   "execution time": 74.73489338200001,
   "final cost": 566973188.0,
   "final error": -1.9048516175618966e-05,
   "finished_at": "2024-05-13--12:08:35",
   "initial sol cost": 567084487.0,
   "initial solutions build time": 0.271489343,
   "local source solutions updates": 274,
   "pher_deposition_time": 2.0187106580015097,
   "sol cost mean recorded every ith iter": 20,
   "sol cost mean values": [],
   "sol cost stdev recorded every ith iter": 20,
   "sol cost stdev values": [],
   "started_at": "2024-05-13--12:07:20",
   "total new edges": 32723419
  }
 ],
 "nn and backup lists calc time": 0.140159212,
 "trial max cost": 566973188,
 "trial max error": -1.9048516175618966e-05,
 "trial mean cost": 566973188.0,
 "trial mean error": -1.9048516175618966e-05,
 "trial min cost": 566973188,
 "trial min error": -1.9048516175618966e-05,
 "trial time": 74.73500207900001
}