{
 "args": {
  "alg": "mfaco",
  "ants": 704,
  "backup list size": 64,
  "beta": 1.0,
  "cand list size": 16,
  "count new edges": 1,
  "gbest as source prob": 0.01,
  "id": "default",
  "iterations": 12000,
  "keep better ant sol": 1,
  "local search": 1,
  "ls cand list size": 20,
  "min new edges": 4,
  "p best": 0.1,
  "picture": true,
  "problem": "large_instances/Tnm30001.tsp",
  "repeat": 1,
  "results dir": "results",
  "rho": 0.5,
  "seed": 2727724233,
  "source sol local update": 1,
  "threads": 10
 },
 "executions": [
  {
   "ants solutions updates": 75222,
   "average visited": 66.17637488162879,
   "best sol cost iterations": [
    5,
    7,
    9,
    11,
    13,
    15,
    17,
    19,
    23,
    25,
    27,
    29,
    31,
    33,
    39,
    45,
    49,
    53,
    55,
    57,
    59,
    61,
    63,
    65,
    67,
    73,
    77,
    79,
    81,
    83,
    85,
    89,
    113,
    131,
    163,
    209,
    287,
    333,
    371,
    399,
    403,
    415,
    469,
    473,
    511,
    683,
    699,
    727,
    753,
    777,
    779,
    905,
    1035,
    1039,
    1071,
    1095,
    1117,
    1257,
    1271,
    1389,
    1451,
    1495,
    1649,
    1665,
    1679,
    1681,
    1683,
    1749,
    1827,
    1909,
    1921,
    1987,
    2055,
    2143,
    2201,
    2235,
    2259,
    2333,
    2425,
    2447,
    2481,
    2487,
    2841,
    2885,
    3165,
    3189,
    3291,
    3297,
    3435,
    3487,
    3569,
    3815,
    3995,
    3997,
    4133,
    4149,
    4603,
    4907,
    4993,
    5805,
    6085,
    6527,
    6641,
    6805,
    7547,
    9773,
    9973,
    10037,
    10763,
    10845,
    10961
   ],
   "best sol cost times": [
    0.015802,
    0.022629,
    0.029934,
    0.037954,
    0.048011,
    0.0654,
    0.075346,
    0.089004,
    0.120059,
    0.129473,
    0.140763,
    0.15105,
    0.159937,
    0.170376,
    0.209053,
    0.237441,
    0.260866,
    0.280738,
    0.28993,
    0.299121,
    0.307799,
    0.316932,
    0.327275,
    0.336925,
    0.347551,
    0.375601,
    0.394015,
    0.406698,
    0.416434,
    0.425708,
    0.43619,
    0.457584,
    0.58012,
    0.669052,
    0.844118,
    1.100074,
    1.51796,
    1.756097,
    1.954699,
    2.101004,
    2.129888,
    2.19125,
    2.469488,
    2.491565,
    2.694535,
    3.578429,
    3.656742,
    3.807335,
    3.928856,
    4.050807,
    4.060434,
    4.68873,
    5.354954,
    5.373846,
    5.537997,
    5.661579,
    5.775527,
    6.516792,
    6.587599,
    7.181859,
    7.499079,
    7.724208,
    8.539057,
    8.636067,
    8.709301,
    8.718523,
    8.729249,
    9.07504,
    9.4773,
    9.894176,
    9.964898,
    10.31135,
    10.672306,
    11.152947,
    11.461052,
    11.660468,
    11.79255,
    12.186183,
    12.635398,
    12.76049,
    12.928523,
    12.955692,
    14.759312,
    14.986587,
    16.385642,
    16.506656,
    17.034454,
    17.069355,
    17.728244,
    17.979936,
    18.382882,
    19.63132,
    20.530595,
    20.53925,
    21.231532,
    21.317786,
    23.653041,
    25.225151,
    25.662933,
    29.803217,
    31.221163,
    33.473377,
    34.054728,
    34.891878,
    38.627772,
    49.700948,
    50.713081,
    51.043659,
    54.631871,
    55.032209,
    55.631354
   ],
   "best sol cost values": [
    567015357.0,
    567012567.0,
    566988690.0,
    566987572.0,
    566987418.0,
    566986779.0,
    566986758.0,
    566986623.0,
    566984216.0,
    566984174.0,
    566979681.0,
    566979680.0,
    566979231.0,
    566979229.0,
    566977496.0,
    566977495.0,
    566977493.0,
    566977492.0,
    566977491.0,
    566977490.0,
    566977489.0,
    566977488.0,
    566977487.0,
    566977483.0,
    566977479.0,
    566977478.0,
    566977454.0,
    566975926.0,
    566973302.0,
    566973299.0,
    566973297.0,
    566973296.0,
    566973295.0,
    566973294.0,
    566973293.0,
    566973292.0,
    566973291.0,
    566973290.0,
    566973289.0,
    566973288.0,
    566973287.0,
    566973286.0,
    566973284.0,
    566973283.0,
    566973282.0,
    566973281.0,
    566973280.0,
    566973279.0,
    566973278.0,
    566973277.0,
    566973276.0,
    566973275.0,
    566973274.0,
    566973272.0,
    566973270.0,
    566973269.0,
    566973268.0,
    566973267.0,
    566973266.0,
    566973265.0,
    566973264.0,
    566973263.0,
    566973262.0,
    566973261.0,
    566973260.0,
    566973259.0,
    566973257.0,
    566973254.0,
    566973253.0,
    566973252.0,
    566973251.0,
    566973250.0,
    566973249.0,
    566973248.0,
    566973247.0,
    566973246.0,
    566973245.0,
    566973244.0,
    566973243.0,
    566973242.0,
    566973241.0,
    566973240.0,
    566973239.0,
    566973238.0,
    566973237.0,
    566973236.0,
    566973235.0,
    566973234.0,
    566973233.0,
    566973232.0,
    566973231.0,
    566973230.0,
    566973229.0,
    566973228.0,
    566973227.0,
    566973226.0,
    566973225.0,
    566973224.0,
    566973223.0,
    566973222.0,
    566973221.0,
    566973220.0,
    566973219.0,
    566973218.0,
    566973217.0,
    566973216.0,
    566973215.0,
    566973214.0,
    566973213.0,
    566973212.0,
    566973211.0
   ],
   "execution time": 61.240177334,
   "final cost": 566973211.0,
   "final error": -1.4991887730811224e-05,
   "finished_at": "2024-05-12--11:28:06",
   "initial sol cost": 567042170.0,
   "initial solutions build time": 0.411122441,
   "local source solutions updates": 133,
   "pher_deposition_time": 2.231957452021561,
   "sol cost mean recorded every ith iter": 20,
   "sol cost mean values": [],
   "sol cost stdev recorded every ith iter": 20,
   "sol cost stdev values": [],
   "started_at": "2024-05-12--11:27:05",
   "total new edges": 32677737
  }
 ],
 "nn and backup lists calc time": 0.16317245800000002,
 "trial max cost": 566973211,
 "trial max error": -1.4991887730811224e-05,
 "trial mean cost": 566973211.0,
 "trial mean error": -1.4991887730811224e-05,
 "trial min cost": 566973211,
 "trial min error": -1.4991887730811224e-05,
 "trial time": 61.240263906
}