{
 "args": {
  "alg": "mfaco",
  "ants": 704,
  "backup list size": 64,
  "beta": 1.0,
  "cand list size": 16,
  "count new edges": 1,
  "gbest as source prob": 0.01,
  "id": "default",
  "iterations": 12000,
  "keep better ant sol": 1,
  "local search": 1,
  "ls cand list size": 20,
  "min new edges": 4,
  "p best": 0.1,
  "picture": true,
  "problem": "large_instances/Tnm30001.tsp",
  "repeat": 1,
  "results dir": "results",
  "rho": 0.5,
  "seed": 3759019653,
  "source sol local update": 1,
  "threads": 10
 },
 "executions": [
  {
   "ants solutions updates": 80162,
   "average visited": 65.70195726799243,
   "best sol cost iterations": [
    5,
    7,
    9,
    11,
    13,
    15,
    17,
    19,
    21,
    23,
    25,
    27,
    29,
    31,
    33,
    35,
    37,
    39,
    41,
    43,
    45,
    49,
    51,
    53,
    55,
    57,
    59,
    61,
    65,
    67,
    69,
    73,
    75,
    77,
    79,
    81,
    89,
    91,
    93,
    95,
    97,
    99,
    101,
    103,
    105,
    107,
    111,
    113,
    115,
    117,
    119,
    121,
    123,
    127,
    131,
    135,
    137,
    139,
    141,
    143,
    149,
    151,
    153,
    155,
    159,
    161,
    163,
    165,
    167,
    173,
    175,
    179,
    181,
    183,
    185,
    187,
    189,
    197,
    207,
    209,
    213,
    215,
    219,
    221,
    223,
    231,
    233,
    235,
    245,
    249,
    251,
    253,
    257,
    261,
    263,
    265,
    267,
    269,
    271,
    273,
    277,
    279,
    283,
    289,
    297,
    337,
    359,
    361,
    367,
    373,
    379,
    443,
    491,
    505,
    587,
    841,
    1817,
    1961,
    2253,
    2443,
    3247,
    3847,
    4147,
    5127
   ],
   "best sol cost times": [
    0.021378,
    0.03002,
    0.040006,
    0.055946,
    0.068472,
    0.085863,
    0.103332,
    0.121171,
    0.137358,
    0.155629,
    0.172109,
    0.189202,
    0.205068,
    0.220688,
    0.238636,
    0.257523,
    0.274289,
    0.291186,
    0.309114,
    0.349459,
    0.366999,
    0.415196,
    0.429507,
    0.445978,
    0.461426,
    0.478693,
    0.493697,
    0.508963,
    0.539991,
    0.556853,
    0.572064,
    0.60202,
    0.617145,
    0.632525,
    0.647815,
    0.661744,
    0.742313,
    0.757048,
    0.773091,
    0.788122,
    0.806087,
    0.820283,
    0.837324,
    0.853443,
    0.86927,
    0.886162,
    0.933312,
    0.951024,
    0.967134,
    0.9824,
    0.994978,
    1.032222,
    1.046986,
    1.094069,
    1.135774,
    1.166753,
    1.179762,
    1.194529,
    1.210019,
    1.225902,
    1.271627,
    1.292076,
    1.307171,
    1.323299,
    1.352133,
    1.367842,
    1.384706,
    1.399505,
    1.414814,
    1.456837,
    1.47212,
    1.499296,
    1.514544,
    1.530133,
    1.573963,
    1.592232,
    1.611849,
    1.668598,
    1.778524,
    1.804546,
    1.83212,
    1.84646,
    1.874675,
    1.88978,
    1.903632,
    1.969512,
    1.997872,
    2.012672,
    2.084213,
    2.115799,
    2.133117,
    2.147085,
    2.17476,
    2.215921,
    2.230914,
    2.244746,
    2.259368,
    2.274812,
    2.289405,
    2.302449,
    2.333107,
    2.347375,
    2.386618,
    2.439866,
    2.492987,
    2.794085,
    2.944337,
    2.958728,
    2.999074,
    3.037519,
    3.080589,
    3.520063,
    3.879211,
    3.98491,
    4.555571,
    6.649349,
    15.224228,
    16.567476,
    19.109549,
    20.651008,
    27.479667,
    32.719319,
    35.239686,
    43.898376
   ],
   "best sol cost values": [
    567032352.0,
    567032343.0,
    567025804.0,
    567011227.0,
    567005441.0,
    566999356.0,
    566990387.0,
    566988202.0,
    566988011.0,
    566985560.0,
    566985480.0,
    566985031.0,
    566984955.0,
    566984886.0,
    566982410.0,
    566982400.0,
    566982144.0,
    566982141.0,
    566982121.0,
    566982111.0,
    566981959.0,
    566981946.0,
    566979433.0,
    566979324.0,
    566979130.0,
    566979119.0,
    566978962.0,
    566978926.0,
    566978890.0,
    566978731.0,
    566978730.0,
    566978707.0,
    566978490.0,
    566978439.0,
    566978399.0,
    566978397.0,
    566978385.0,
    566978332.0,
    566978324.0,
    566978323.0,
    566978300.0,
    566978293.0,
    566978283.0,
    566978221.0,
    566978219.0,
    566978212.0,
    566978206.0,
    566978192.0,
    566978182.0,
    566978181.0,
    566978180.0,
    566978165.0,
    566978159.0,
    566978149.0,
    566978140.0,
    566978132.0,
    566978130.0,
    566978127.0,
    566978125.0,
    566978123.0,
    566978118.0,
    566978099.0,
    566978095.0,
    566978092.0,
    566978089.0,
    566978087.0,
    566978085.0,
    566978073.0,
    566978072.0,
    566978070.0,
    566978069.0,
    566978068.0,
    566978066.0,
    566978063.0,
    566978062.0,
    566978059.0,
    566978049.0,
    566978043.0,
    566978040.0,
    566978039.0,
    566978038.0,
    566978034.0,
    566978032.0,
    566978029.0,
    566978025.0,
    566978023.0,
    566978022.0,
    566978017.0,
    566974836.0,
    566974816.0,
    566974814.0,
    566974812.0,
    566973980.0,
    566973978.0,
    566973976.0,
    566973975.0,
    566973970.0,
    566973954.0,
    566973953.0,
    566973951.0,
    566973950.0,
    566973943.0,
    566973941.0,
    566973939.0,
    566973938.0,
    566973936.0,
    566973935.0,
    566973934.0,
    566973933.0,
    566973932.0,
    566973209.0,
    566973208.0,
    566973207.0,
    566973206.0,
    566973205.0,
    566973204.0,
    566973203.0,
    566973202.0,
    566973201.0,
    566973200.0,
    566973199.0,
    566973198.0,
    566973197.0,
    566973196.0
   ],
   "execution time": 103.025446352,
   "final cost": 566973196.0,
   "final error": -1.763751497742497e-05,
   "finished_at": "2024-05-12--15:48:08",
   "initial sol cost": 567032359.0,
   "initial solutions build time": 0.5065874770000001,
   "local source solutions updates": 277,
   "pher_deposition_time": 2.1371676990238484,
   "sol cost mean recorded every ith iter": 20,
   "sol cost mean values": [],
   "sol cost stdev recorded every ith iter": 20,
   "sol cost stdev values": [],
   "started_at": "2024-05-12--15:46:25",
   "total new edges": 32703683
  }
 ],
 "nn and backup lists calc time": 0.16952308400000002,
 "trial max cost": 566973196,
 "trial max error": -1.763751497742497e-05,
 "trial mean cost": 566973196.0,
 "trial mean error": -1.763751497742497e-05,
 "trial min cost": 566973196,
 "trial min error": -1.763751497742497e-05,
 "trial time": 103.02554366700001
}