{
 "args": {
  "alg": "fast_mfaco",
  "ants": 1280,
  "backup list size": 64,
  "beta": 1.0,
  "cand list size": 16,
  "count new edges": 0,
  "gbest as source prob": 0.01,
  "id": "default",
  "iterations": 6000,
  "keep better ant sol": 1,
  "local search": 1,
  "ls cand list size": 20,
  "min new edges": 4,
  "p best": 0.1,
  "picture": true,
  "problem": "large_instances/Tnm100000.tsp",
  "repeat": 1,
  "results dir": "results",
  "rho": 0.5,
  "seed": 1367901626,
  "source sol local update": 1,
  "threads": 10
 },
 "executions": [
  {
   "ants solutions updates": 192924,
   "average visited": 96.808885546875,
   "best sol cost iterations": [
    1,
    3,
    4,
    6,
    7,
    8,
    9,
    10,
    11,
    12,
    13,
    14,
    15,
    16,
    17,
    18,
    19,
    20,
    21,
    22,
    24,
    25,
    26,
    27,
    28,
    30,
    31,
    32,
    33,
    34,
    37,
    39,
    40,
    41,
    42,
    43,
    45,
    46,
    53,
    54,
    55,
    57,
    58,
    60,
    61,
    64,
    65,
    67,
    71,
    74,
    80,
    82,
    83,
    84,
    86,
    87,
    88,
    90,
    92,
    95,
    99,
    101,
    104,
    105,
    107,
    111,
    117,
    118,
    119,
    120,
    123,
    124,
    129,
    136,
    140,
    141,
    143,
    144,
    149,
    154,
    158,
    164,
    172,
    177,
    179,
    182,
    184,
    190,
    191,
    193,
    196,
    198,
    200,
    217,
    218,
    224,
    227,
    233,
    234,
    235,
    252,
    257,
    265,
    268,
    270,
    287,
    289,
    291,
    293,
    298,
    311,
    321,
    343,
    346,
    348,
    352,
    356,
    360,
    363,
    370,
    372,
    396,
    398,
    401,
    414,
    423,
    424,
    545,
    552,
    554,
    559,
    583,
    588,
    590,
    594,
    597,
    598,
    666,
    673,
    678,
    686,
    705,
    763,
    772,
    844,
    1648,
    1933,
    2269,
    2270,
    2294,
    2395,
    2516,
    2722,
    2862,
    4521
   ],
   "best sol cost times": [
    0.01266,
    0.067569,
    0.104722,
    0.158746,
    0.197969,
    0.239223,
    0.280845,
    0.320481,
    0.361394,
    0.400782,
    0.441614,
    0.480826,
    0.521994,
    0.561462,
    0.600911,
    0.640736,
    0.68014,
    0.720479,
    0.76038,
    0.80098,
    0.861035,
    0.900531,
    0.93995,
    0.980761,
    1.019533,
    1.081403,
    1.120947,
    1.163416,
    1.216834,
    1.274592,
    1.357291,
    1.418132,
    1.461783,
    1.505557,
    1.550716,
    1.591461,
    1.647722,
    1.690259,
    1.85566,
    1.902801,
    1.945748,
    2.005282,
    2.043983,
    2.114246,
    2.156007,
    2.240019,
    2.28115,
    2.344,
    2.446165,
    2.527224,
    2.663997,
    2.719862,
    2.760576,
    2.800289,
    2.86094,
    2.900016,
    2.940928,
    2.99784,
    3.062611,
    3.146849,
    3.245572,
    3.311265,
    3.388638,
    3.429786,
    3.489545,
    3.583798,
    3.707043,
    3.750289,
    3.793783,
    3.838957,
    3.919113,
    3.969567,
    4.089354,
    4.244754,
    4.343744,
    4.384499,
    4.448531,
    4.488837,
    4.598456,
    4.712732,
    4.801379,
    4.946238,
    5.128531,
    5.252935,
    5.31711,
    5.395555,
    5.453193,
    5.577252,
    5.61681,
    5.675053,
    5.768545,
    5.835946,
    5.896835,
    6.207308,
    6.249358,
    6.382796,
    6.459508,
    6.583936,
    6.625102,
    6.668164,
    6.990079,
    7.100476,
    7.262299,
    7.345502,
    7.407355,
    7.708192,
    7.763844,
    7.823924,
    7.881359,
    7.98824,
    8.228253,
    8.418653,
    8.849639,
    8.927961,
    8.988435,
    9.086831,
    9.184479,
    9.279079,
    9.354234,
    9.515956,
    9.583796,
    10.018246,
    10.080146,
    10.158569,
    10.408892,
    10.623284,
    10.669753,
    12.811766,
    12.970527,
    13.02737,
    13.142581,
    13.562099,
    13.674735,
    13.732829,
    13.823114,
    13.90673,
    13.945637,
    15.145473,
    15.303496,
    15.412403,
    15.573877,
    15.931808,
    16.948992,
    17.141622,
    18.512916,
    32.903898,
    37.993047,
    43.755004,
    43.799562,
    44.258779,
    45.999112,
    48.030646,
    51.418433,
    53.762674,
    82.993484
   ],
   "best sol cost values": [
    1892067179.0,
    1891996344.0,
    1891996339.0,
    1891996322.0,
    1891982337.0,
    1891982071.0,
    1891979622.0,
    1891976958.0,
    1891976629.0,
    1891974509.0,
    1891974432.0,
    1891973694.0,
    1891972975.0,
    1891972949.0,
    1891972865.0,
    1891968937.0,
    1891968898.0,
    1891968415.0,
    1891968403.0,
    1891968172.0,
    1891968162.0,
    1891967833.0,
    1891967635.0,
    1891967613.0,
    1891967591.0,
    1891967589.0,
    1891967577.0,
    1891967548.0,
    1891967538.0,
    1891967521.0,
    1891967519.0,
    1891967512.0,
    1891967392.0,
    1891967384.0,
    1891967355.0,
    1891967348.0,
    1891967347.0,
    1891967339.0,
    1891967333.0,
    1891967327.0,
    1891967326.0,
    1891967325.0,
    1891967324.0,
    1891967275.0,
    1891967272.0,
    1891967225.0,
    1891967224.0,
    1891967200.0,
    1891967193.0,
    1891967153.0,
    1891967147.0,
    1891967139.0,
    1891965688.0,
    1891965659.0,
    1891965649.0,
    1891965647.0,
    1891965644.0,
    1891963145.0,
    1891963144.0,
    1891963143.0,
    1891963140.0,
    1891963122.0,
    1891963096.0,
    1891963095.0,
    1891963093.0,
    1891963092.0,
    1891963089.0,
    1891963083.0,
    1891963081.0,
    1891963071.0,
    1891963070.0,
    1891963064.0,
    1891963035.0,
    1891963033.0,
    1891959137.0,
    1891959135.0,
    1891958820.0,
    1891958811.0,
    1891958809.0,
    1891958802.0,
    1891958801.0,
    1891958800.0,
    1891958797.0,
    1891958792.0,
    1891958791.0,
    1891958786.0,
    1891958785.0,
    1891958781.0,
    1891958779.0,
    1891958773.0,
    1891958766.0,
    1891958758.0,
    1891958757.0,
    1891958756.0,
    1891958753.0,
    1891958750.0,
    1891958747.0,
    1891958742.0,
    1891958741.0,
    1891958736.0,
    1891958735.0,
    1891958733.0,
    1891958730.0,
    1891958727.0,
    1891958726.0,
    1891958725.0,
    1891958719.0,
    1891958717.0,
    1891958716.0,
    1891958714.0,
    1891958712.0,
    1891958709.0,
    1891958706.0,
    1891958704.0,
    1891958703.0,
    1891958702.0,
    1891958701.0,
    1891958698.0,
    1891958694.0,
    1891958692.0,
    1891958691.0,
    1891958688.0,
    1891958687.0,
    1891958686.0,
    1891958685.0,
    1891958684.0,
    1891958683.0,
    1891958681.0,
    1891958679.0,
    1891958677.0,
    1891958675.0,
    1891958674.0,
    1891958673.0,
    1891958672.0,
    1891958671.0,
    1891958670.0,
    1891958669.0,
    1891958668.0,
    1891958667.0,
    1891958666.0,
    1891958665.0,
    1891958664.0,
    1891958662.0,
    1891958661.0,
    1891958660.0,
    1891958659.0,
    1891958658.0,
    1891958468.0,
    1891958154.0,
    1891958153.0,
    1891958152.0,
    1891958151.0,
    1891958150.0,
    1891958149.0,
    1891958148.0
   ],
   "execution time": 110.167382422,
   "final cost": 1891958148.0,
   "final error": 0.0006434116069302666,
   "finished_at": "2024-05-21--02:33:11",
   "initial sol cost": 1892077755.0,
   "initial solutions build time": 2.4609396780000004,
   "local source solutions updates": 205,
   "pher_deposition_time": 8.246729068970126,
   "sol cost mean recorded every ith iter": 20,