{
 "args": {
  "alg": "fast_mfaco",
  "ants": 704,
  "backup list size": 64,
  "beta": 1.0,
  "cand list size": 16,
  "count new edges": 0,
  "gbest as source prob": 0.01,
  "id": "default",
  "iterations": 6000,
  "keep better ant sol": 1,
  "local search": 1,
  "ls cand list size": 20,
  "min new edges": 4,
  "p best": 0.1,
  "picture": true,
  "problem": "large_instances/Tnm30001.tsp",
  "repeat": 1,
  "results dir": "results",
  "rho": 0.5,
  "seed": 1491108913,
  "source sol local update": 1,
  "threads": 10
 },
 "executions": [
  {
   "ants solutions updates": 89109,
   "average visited": 83.62607267992425,
   "best sol cost iterations": [
    1,
    3,
    4,
    6,
    7,
    8,
    9,
    10,
    11,
    12,
    13,
    14,
    15,
    17,
    18,
    20,
    21,
    22,
    24,
    25,
    26,
    27,
    28,
    29,
    31,
    32,
    33,
    35,
    36,
    37,
    39,
    40,
    41,
    42,
    43,
    44,
    45,
    48,
    49,
    50,
    52,
    54,
    55,
    56,
    57,
    58,
    59,
    60,
    61,
    63,
    64,
    66,
    67,
    69,
    70,
    73,
    74,
    76,
    77,
    78,
    80,
    82,
    83,
    88,
    89,
    90,
    93,
    96,
    98,
    100,
    102,
    103,
    104,
    105,
    106,
    110,
    115,
    117,
    119,
    120,
    122,
    123,
    124,
    125,
    126,
    130,
    134,
    136,
    138,
    139,
    140,
    141,
    144,
    146,
    147,
    148,
    150,
    153,
    154,
    156,
    158,
    163,
    165,
    169,
    172,
    173,
    175,
    176,
    178,
    179,
    180,
    190,
    199,
    215,
    229,
    236,
    245,
    265,
    323,
    325,
    467,
    614,
    623,
    624,
    637,
    643,
    659,
    737,
    1163,
    1627,
    1998
   ],
   "best sol cost times": [
    0.003232,
    0.010632,
    0.015249,
    0.022726,
    0.032168,
    0.037667,
    0.043014,
    0.048261,
    0.053627,
    0.070666,
    0.076087,
    0.081189,
    0.086489,
    0.098748,
    0.103983,
    0.113581,
    0.118679,
    0.124109,
    0.134012,
    0.139216,
    0.154587,
    0.159721,
    0.164791,
    0.170162,
    0.19749,
    0.2112,
    0.222383,
    0.232918,
    0.238383,
    0.254221,
    0.266103,
    0.273049,
    0.278635,
    0.284015,
    0.298696,
    0.304234,
    0.314683,
    0.33808,
    0.343198,
    0.351204,
    0.360214,
    0.370157,
    0.37816,
    0.393849,
    0.399052,
    0.415273,
    0.420364,
    0.42591,
    0.431384,
    0.441453,
    0.447586,
    0.456883,
    0.461676,
    0.472523,
    0.479502,
    0.500477,
    0.505604,
    0.514739,
    0.52053,
    0.525677,
    0.544952,
    0.55535,
    0.560065,
    0.586759,
    0.5920570000000001,
    0.597182,
    0.614996,
    0.642484,
    0.659627,
    0.66911,
    0.690371,
    0.695725,
    0.711125,
    0.716458,
    0.731161,
    0.756783,
    0.779396,
    0.787991,
    0.796134,
    0.801369,
    0.81921,
    0.825082,
    0.829877,
    0.835087,
    0.840272,
    0.872847,
    0.894967,
    0.906801,
    0.917031,
    0.921676,
    0.93688,
    0.946789,
    0.961227,
    0.972766,
    1.011206,
    1.017256,
    1.025387,
    1.052826,
    1.058198,
    1.07271,
    1.090581,
    1.113023,
    1.128426,
    1.15598,
    1.176967,
    1.190643,
    1.1995,
    1.213409,
    1.231342,
    1.236145,
    1.240957,
    1.292102,
    1.36103,
    1.457182,
    1.500593,
    1.548113,
    1.594896,
    1.678744,
    1.95284,
    1.960618,
    2.738216,
    3.533049,
    3.56132,
    3.566304,
    3.633921,
    3.663453,
    3.76244,
    4.16242,
    6.23432,
    8.546667,
    10.420902
   ],
   "best sol cost values": [
    567068557.0,
    567064787.0,
    567064786.0,
    567048314.0,
    567022254.0,
    567000754.0,
    567000327.0,
    566994238.0,
    566992518.0,
    566991175.0,
    566991163.0,
    566991061.0,
    566990982.0,
    566988838.0,
    566986890.0,
    566985915.0,
    566985808.0,
    566985446.0,
    566985273.0,
    566983625.0,
    566983598.0,
    566983588.0,
    566983555.0,
    566983554.0,
    566983542.0,
    566983386.0,
    566982933.0,
    566982707.0,
    566982647.0,
    566982641.0,
    566982636.0,
    566982559.0,
    566982411.0,
    566982405.0,
    566982299.0,
    566982073.0,
    566982034.0,
    566982011.0,
    566982010.0,
    566981685.0,
    566980230.0,
    566979975.0,
    566978461.0,
    566978460.0,
    566978237.0,
    566978233.0,
    566978223.0,
    566977993.0,
    566977981.0,
    566977924.0,
    566977915.0,
    566977914.0,
    566977878.0,
    566977862.0,
    566977568.0,
    566977550.0,
    566977549.0,
    566977544.0,
    566977535.0,
    566977531.0,
    566977501.0,
    566977499.0,
    566977473.0,
    566977464.0,
    566977462.0,
    566977451.0,
    566977448.0,
    566977447.0,
    566977441.0,
    566977440.0,
    566977411.0,
    566977408.0,
    566977398.0,
    566977388.0,
    566977384.0,
    566977378.0,
    566977374.0,
    566977372.0,
    566977370.0,
    566977363.0,
    566977361.0,
    566977358.0,
    566977351.0,
    566977350.0,
    566977347.0,
    566977341.0,
    566977339.0,
    566977338.0,
    566977336.0,
    566977335.0,
    566977330.0,
    566977329.0,
    566977326.0,
    566975861.0,
    566973455.0,
    566973454.0,
    566973451.0,
    566973445.0,
    566973444.0,
    566973443.0,
    566973441.0,
    566973440.0,
    566973436.0,
    566973435.0,
    566973434.0,
    566973216.0,
    566973214.0,
    566973213.0,
    566973210.0,
    566973208.0,
    566973207.0,
    566973204.0,
    566973203.0,
    566973202.0,
    566973201.0,
    566973200.0,
    566973199.0,
    566973198.0,
    566973197.0,
    566973196.0,
    566973195.0,
    566973194.0,
    566973193.0,
    566973192.0,
    566973191.0,
    566973190.0,
    566973189.0,
    566973188.0,
    566973187.0,
    566973186.0,
    566973185.0
   ],
   "execution time": 30.956095262,
   "final cost": 566973185.0,
   "final error": -1.9577641624941714e-05,
   "finished_at": "2024-05-21--02:28:12",
   "initial sol cost": 567068559.0,
   "initial solutions build time": 0.475214395,
   "local source solutions updates": 229,
   "pher_deposition_time": 2.1175421459593053,
   "sol cost mean recorded every ith iter": 20,