{
 "args": {
  "alg": "fast_mfaco",
  "ants": 896,
  "backup list size": 64,
  "beta": 1.0,
  "cand list size": 16,
  "count new edges": 0,
  "gbest as source prob": 0.01,
  "id": "default",
  "iterations": 6000,
  "keep better ant sol": 1,
  "local search": 1,
  "ls cand list size": 20,
  "min new edges": 4,
  "p best": 0.1,
  "picture": true,
  "problem": "large_instances/Tnm50002.tsp",
  "repeat": 1,
  "results dir": "results",
  "rho": 0.5,
  "seed": 2554242889,
  "source sol local update": 1,
  "threads": 10
 },
 "executions": [
  {
   "ants solutions updates": 109234,
   "average visited": 81.45935844494048,
   "best sol cost iterations": [
    4,
    5,
    6,
    7,
    8,
    9,
    10,
    11,
    12,
    13,
    15,
    16,
    17,
    18,
    19,
    20,
    21,
    22,
    23,
    24,
    25,
    26,
    27,
    28,
    29,
    30,
    31,
    32,
    33,
    34,
    35,
    36,
    37,
    38,
    39,
    40,
    41,
    44,
    46,
    47,
    49,
    50,
    51,
    55,
    57,
    58,
    59,
    60,
    62,
    63,
    64,
    65,
    66,
    67,
    68,
    70,
    73,
    75,
    76,
    77,
    78,
    80,
    81,
    83,
    84,
    86,
    90,
    92,
    94,
    96,
    97,
    98,
    99,
    100,
    102,
    103,
    105,
    106,
    112,
    113,
    114,
    115,
    116,
    117,
    118,
    123,
    127,
    129,
    130,
    132,
    136,
    138,
    140,
    148,
    151,
    157,
    162,
    164,
    180,
    189,
    206,
    207,
    210,
    211,
    215,
    216,
    221,
    222,
    224,
    227,
    230,
    240,
    244,
    253,
    256,
    258,
    266,
    267,
    268,
    271,
    273,
    277,
    280,
    282,
    302,
    304,
    308,
    317,
    324,
    326,
    418
   ],
   "best sol cost times": [
    0.04021,
    0.051196,
    0.093644,
    0.141496,
    0.153297,
    0.298185,
    0.31008,
    0.322653,
    0.33468,
    0.347129,
    0.365893,
    0.378239,
    0.389982,
    0.40208700000000003,
    0.534401,
    0.546421,
    0.5581,
    0.568933,
    0.580544,
    0.592533,
    0.603819,
    0.61441,
    0.62533,
    0.636228,
    0.648221,
    0.660142,
    0.672016,
    0.683846,
    0.695318,
    0.70743,
    0.7176,
    0.729334,
    0.740033,
    0.752341,
    0.763288,
    0.774116,
    0.785899,
    0.845792,
    0.863318,
    0.874333,
    0.894566,
    0.905741,
    0.916182,
    0.950628,
    0.970355,
    0.981662,
    0.999484,
    1.011126,
    1.03126,
    1.041957,
    1.052431,
    1.06438,
    1.076106,
    1.087386,
    1.097923,
    1.173602,
    1.200396,
    1.220041,
    1.230916,
    1.241576,
    1.253441,
    1.272901,
    1.283643,
    1.302344,
    1.312592,
    1.331897,
    1.365309,
    1.384819,
    1.403336,
    1.421585,
    1.43241,
    1.442794,
    1.452649,
    1.463587,
    1.506893,
    1.524319,
    1.542303,
    1.552704,
    1.598027,
    1.608992,
    1.619519,
    1.63037,
    1.640672,
    1.65149,
    1.672761,
    1.736299,
    1.791644,
    1.839451,
    1.862168,
    1.879901,
    1.912598,
    1.93007,
    1.948578,
    2.047711,
    2.102348,
    2.147588,
    2.2151,
    2.233108,
    2.381077,
    2.4448,
    2.625301,
    2.636791,
    2.662354,
    2.673815,
    2.705411,
    2.715703,
    2.754533,
    2.766091,
    2.785626,
    2.819345,
    2.874484,
    2.988644,
    3.064713,
    3.130861,
    3.15581,
    3.175378,
    3.240738,
    3.252488,
    3.263824,
    3.289159,
    3.322425,
    3.376896,
    3.412035,
    3.439233,
    3.609193,
    3.627579,
    3.691555,
    3.844949,
    3.938432,
    3.982687,
    5.000041
   ],
   "best sol cost values": [
    945599033.0,
    945589107.0,
    945588980.0,
    945586016.0,
    945580556.0,
    945579233.0,
    945562353.0,
    945561163.0,
    945555481.0,
    945555480.0,
    945547520.0,
    945546371.0,
    945545200.0,
    945545198.0,
    945545066.0,
    945545063.0,
    945545059.0,
    945545024.0,
    945544972.0,
    945544965.0,
    945544964.0,
    945544962.0,
    945544960.0,
    945544837.0,
    945544687.0,
    945544670.0,
    945544661.0,
    945544658.0,
    945544616.0,
    945544614.0,
    945544604.0,
    945544602.0,
    945544482.0,
    945544479.0,
    945544477.0,
    945544281.0,
    945544280.0,
    945544277.0,
    945544274.0,
    945544191.0,
    945544187.0,
    945544186.0,
    945544148.0,
    945544083.0,
    945544076.0,
    945544065.0,
    945544038.0,
    945544037.0,
    945544035.0,
    945544033.0,
    945544021.0,
    945544014.0,
    945544008.0,
    945544006.0,
    945544001.0,
    945543989.0,
    945543973.0,
    945543970.0,
    945543969.0,
    945543957.0,
    945543956.0,
    945543953.0,
    945543951.0,
    945543949.0,
    945543945.0,
    945543909.0,
    945543902.0,
    945543901.0,
    945543898.0,
    945543895.0,
    945543894.0,
    945543893.0,
    945543890.0,
    945543881.0,
    945543878.0,
    945543876.0,
    945543875.0,
    945543874.0,
    945543871.0,
    945543870.0,
    945543868.0,
    945543867.0,
    945543865.0,
    945543864.0,
    945543856.0,
    945543847.0,
    945543846.0,
    945543844.0,
    945543843.0,
    945543840.0,
    945543839.0,
    945543836.0,
    945543833.0,
    945543832.0,
    945543831.0,
    945543829.0,
    945543828.0,
    945543827.0,
    945543826.0,
    945543825.0,
    945539778.0,
    945539776.0,
    945539770.0,
    945539768.0,
    945539767.0,
    945539764.0,
    945539763.0,
    945539750.0,
    945539749.0,
    945539746.0,
    945539739.0,
    945539737.0,
    945539735.0,
    945539734.0,
    945538344.0,
    945538340.0,
    945537307.0,
    945537304.0,
    945537302.0,
    945537299.0,
    945537298.0,
    945537297.0,
    945535612.0,
    945535609.0,
    945535607.0,
    945535606.0,
    945535605.0,
    945535604.0,
    945535603.0,
    945535602.0,
    945535600.0
   ],
   "execution time": 66.003114286,
   "final cost": 945535600.0,
   "final error": -0.00044493102975198167,
   "finished_at": "2024-05-21--18:52:34",
   "initial sol cost": 945599046.0,
   "initial solutions build time": 0.921128724,
   "local source solutions updates": 202,
   "pher_deposition_time": 3.866160852032408,
   "sol cost mean recorded every ith iter": 20,