{
 "args": {
  "alg": "fast_mfaco",
  "ants": 1088,
  "backup list size": 64,
  "beta": 1.0,
  "cand list size": 16,
  "count new edges": 0,
  "gbest as source prob": 0.01,
  "id": "default",
  "iterations": 6000,
  "keep better ant sol": 1,
  "local search": 1,
  "ls cand list size": 20,
  "min new edges": 4,
  "p best": 0.1,
  "picture": true,
  "problem": "large_instances/Tnm70000.tsp",
  "repeat": 1,
  "results dir": "results",
  "rho": 0.5,
  "seed": 3426473228,
  "source sol local update": 1,
  "threads": 10
 },
 "executions": [
  {
   "ants solutions updates": 178788,
   "average visited": 82.1511724877451,
   "best sol cost iterations": [
    1,
    2,
    3,
    4,
    5,
    8,
    10,
    11,
    12,
    13,
    14,
    15,
    16,
    19,
    20,
    21,
    22,
    24,
    25,
    26,
    27,
    29,
    30,
    33,
    34,
    35,
    37,
    38,
    40,
    41,
    42,
    43,
    44,
    45,
    46,
    47,
    48,
    50,
    51,
    52,
    53,
    54,
    58,
    60,
    61,
    63,
    64,
    65,
    66,
    67,
    68,
    69,
    72,
    73,
    74,
    75,
    77,
    80,
    81,
    82,
    83,
    86,
    87,
    89,
    90,
    91,
    93,
    94,
    99,
    100,
    101,
    102,
    105,
    109,
    110,
    111,
    113,
    114,
    115,
    117,
    118,
    119,
    121,
    128,
    130,
    131,
    133,
    134,
    135,
    137,
    140,
    142,
    143,
    144,
    146,
    148,
    150,
    152,
    153,
    155,
    160,
    161,
    162,
    166,
    169,
    170,
    171,
    172,
    174,
    175,
    178,
    181,
    182,
    187,
    189,
    191,
    193,
    196,
    197,
    199,
    200,
    202,
    211,
    214,
    215,
    218,
    228,
    234,
    239,
    243,
    244,
    246,
    249,
    253,
    273,
    276,
    277,
    283,
    285,
    287,
    302,
    303,
    310,
    319,
    328,
    340,
    347,
    359,
    436,
    497,
    521,
    944,
    1096,
    1107,
    1141,
    1347,
    2247,
    2410,
    2485,
    2600,
    3430,
    4094,
    4377,
    4421,
    4652,
    5492,
    5495
   ],
   "best sol cost times": [
    0.00865,
    0.027412,
    0.045807,
    0.065611,
    0.084622,
    0.129021,
    0.165284,
    0.185964,
    0.206573,
    0.228084,
    0.249735,
    0.270698,
    0.292225,
    0.353294,
    0.375007,
    0.395757,
    0.416994,
    0.452084,
    0.47258,
    0.493534,
    0.514784,
    0.548624,
    0.570316,
    0.727567,
    0.74825,
    0.768951,
    0.8032,
    0.822407,
    0.857425,
    0.878577,
    0.899913,
    0.920978,
    0.94188,
    0.983025,
    1.002955,
    1.025613,
    1.046817,
    1.148316,
    1.167354,
    1.187489,
    1.218831,
    1.275746,
    1.334516,
    1.368145,
    1.387738,
    1.422356,
    1.443317,
    1.462049,
    1.480602,
    1.500714,
    1.520182,
    1.541292,
    1.58565,
    1.603895,
    1.624067,
    1.646245,
    1.71488,
    1.763079,
    1.782695,
    1.837198,
    1.858573,
    1.903839,
    1.924661,
    1.958756,
    1.979204,
    2.000885,
    2.034622,
    2.111179,
    2.180559,
    2.200855,
    2.291434,
    2.312958,
    2.534849,
    2.593473,
    2.614184,
    2.668318,
    2.703329,
    2.723428,
    2.743936,
    2.777916,
    2.796038,
    2.821074,
    2.912243,
    3.265312,
    3.36558,
    3.386182,
    3.418996,
    3.437049,
    3.510599,
    3.541319,
    3.58524,
    3.618601,
    3.700678,
    3.720536,
    3.754708,
    3.851334,
    3.884272,
    3.961205,
    3.98155,
    4.014597,
    4.085639,
    4.105166,
    4.124278,
    4.252496,
    4.306179,
    4.327182,
    4.347931,
    4.367948,
    4.402062,
    4.421786,
    4.467677,
    4.532407,
    4.55248,
    4.663076,
    4.719254,
    4.753142,
    4.786913,
    4.889442,
    4.908785,
    4.940718,
    4.98058,
    5.013873,
    5.236517,
    5.452211,
    5.472646,
    5.516332,
    5.713218,
    5.790917,
    5.975095,
    6.028662,
    6.104678,
    6.188798,
    6.232048,
    6.322695,
    6.668307,
    6.727017,
    6.746673,
    6.850363,
    6.889998,
    6.921985,
    7.283169,
    7.301776,
    7.458515,
    7.618962,
    7.948977,
    8.175317,
    8.263263,
    8.51977,
    10.016678,
    11.401224,
    11.703957,
    19.830855,
    23.037978,
    23.179296,
    23.787051,
    27.555337,
    43.40403,
    46.409872,
    47.816519,
    50.019566,
    64.938978,
    77.284525,
    81.959421,
    82.929448,
    87.160579,
    101.721215,
    101.764799
   ],
   "best sol cost values": [
    1324191603.0,
    1324137822.0,
    1324136597.0,
    1324134352.0,
    1324133735.0,
    1324131316.0,
    1324130749.0,
    1324128888.0,
    1324117669.0,
    1324116897.0,
    1324116494.0,
    1324116405.0,
    1324116357.0,
    1324112512.0,
    1324112485.0,
    1324111435.0,
    1324111424.0,
    1324111418.0,
    1324110360.0,
    1324110330.0,
    1324110296.0,
    1324108077.0,
    1324108074.0,
    1324108021.0,
    1324107987.0,
    1324107693.0,
    1324107690.0,
    1324107676.0,
    1324107325.0,
    1324107305.0,
    1324107298.0,
    1324106999.0,
    1324106991.0,
    1324106985.0,
    1324106965.0,
    1324106884.0,
    1324106853.0,
    1324106851.0,
    1324106847.0,
    1324106637.0,
    1324106634.0,
    1324106630.0,
    1324106624.0,
    1324106618.0,
    1324106615.0,
    1324106591.0,
    1324106590.0,
    1324106588.0,
    1324106581.0,
    1324106578.0,
    1324106506.0,
    1324106504.0,
    1324106502.0,
    1324106490.0,
    1324104873.0,
    1324104650.0,
    1324104590.0,
    1324104586.0,
    1324103327.0,
    1324103250.0,
    1324103230.0,
    1324103215.0,
    1324103206.0,
    1324103198.0,
    1324103141.0,
    1324103134.0,
    1324103113.0,
    1324099243.0,
    1324099228.0,
    1324099206.0,
    1324099070.0,
    1324099051.0,
    1324099010.0,
    1324098956.0,
    1324098954.0,
    1324098942.0,
    1324098931.0,
    1324098922.0,
    1324098875.0,
    1324098873.0,
    1324098850.0,
    1324098848.0,
    1324098847.0,
    1324098843.0,
    1324098833.0,
    1324098829.0,
    1324098828.0,
    1324098825.0,
    1324098824.0,
    1324098823.0,
    1324098817.0,
    1324098812.0,
    1324098806.0,
    1324098799.0,
    1324098794.0,
    1324098768.0,
    1324098766.0,
    1324098758.0,
    1324098753.0,
    1324098749.0,
    1324098744.0,
    1324098741.0,
    1324098740.0,
    1324098730.0,
    1324098727.0,
    1324098721.0,
    1324098717.0,
    1324098693.0,
    1324098688.0,
    1324098684.0,
    1324098682.0,
    1324098671.0,
    1324098663.0,
    1324098660.0,
    1324098652.0,
    1324098640.0,
    1324098639.0,
    1324098636.0,
    1324098635.0,
    1324098634.0,
    1324098633.0,
    1324098619.0,
    1324098618.0,
    1324098614.0,
    1324098613.0,
    1324098605.0,
    1324098603.0,
    1324098602.0,
    1324098600.0,
    1324098599.0,
    1324098598.0,
    1324098596.0,
    1324098595.0,
    1324098593.0,
    1324098591.0,
    1324098585.0,
    1324098584.0,
    1324098583.0,
    1324098581.0,
    1324098580.0,
    1324098579.0,
    1324098574.0,
    1324098571.0,
    1324098570.0,
    1324098569.0,
    1324098568.0,
    1324098567.0,
    1324098566.0,
    1324098565.0,
    1324098564.0,
    1324098563.0,
    1324098562.0,
    1324097841.0,
    1324097840.0,
    1324097839.0,
    1324097838.0,
    1324097837.0,
    1324097836.0,
    1324097835.0,
    1324097834.0,
    1324097833.0,
    1324097832.0,
    1324097831.0,
    1324097830.0,
    1324097829.0,
    1324097828.0,
    1324097827.0
   ],
   "execution time": 112.37932466900001,
   "final cost": 1324097827.0,
   "final error": -0.0003012608208672678,
   "finished_at": "2024-05-21--17:30:13",
   "initial sol cost": 1324220069.0,
   "initial solutions build time": 1.324076751,
   "local source solutions updates": 251,
   "pher_deposition_time": 5.856184240000687,
   "sol cost mean recorded every ith iter": 20,