{
 "args": {
  "alg": "first_new_edge_mfaco",
  "ants": 256,
  "backup list size": 64,
  "beta": 1.0,
  "cand list size": 16,
  "count new edges": 0,
  "gbest as source prob": 0.01,
  "id": "default",
  "iterations": 5000,
  "keep better ant sol": 1,
  "local search": 1,
  "ls cand list size": 20,
  "min new edges": 8,
  "p best": 0.1,
  "picture": true,
  "problem": "large_instances/pr2392.tsp",
  "repeat": 1,
  "results dir": "results",
  "rho": 0.5,
  "seed": 868600150,
  "source sol local update": 1,
  "threads": 0
 },
 "executions": [
  {
   "ants solutions updates": 15881,
   "best sol cost iterations": [
    0,
    1,
    2,
    3,
    4,
    5,
    6,
    7,
    8,
    9,
    10,
    11,
    12,
    13,
    14,
    15,
    16,
    17,
    18,
    19,
    20,
    21,
    22,
    23,
    24,
    25,
    26,
    27,
    28,
    29,
    30,
    31,
    32,
    33,
    34,
    35,
    36,
    37,
    38,
    39,
    40,
    41,
    42,
    43,
    44,
    45,
    46,
    49,
    50,
    51,
    52,
    53,
    55,
    56,
    57,
    58,
    60,
    64,
    65,
    66,
    68,
    69,
    71,
    74,
    81,
    86,
    91,
    92,
    94,
    95,
    101,
    102,
    116,
    120,
    121,
    130,
    135,
    137,
    138,
    173,
    228,
    301,
    302,
    304,
    321,
    433,
    434,
    435,
    436,
    437,
    679,
    689,
    899,
    1225,
    1226,
    1227,
    1228,
    1240,
    1246,
    1390,
    2304,
    2313,
    2315,
    2324,
    2494,
    2945,
    4715
   ],
   "best sol cost times": [
    0.013979,
    0.024578,
    0.026295,
    0.030972,
    0.031593,
    0.032374,
    0.033476,
    0.034846,
    0.038811,
    0.040933,
    0.045527,
    0.047257,
    0.048988,
    0.054266,
    0.056737,
    0.061199,
    0.06257,
    0.063817,
    0.065391,
    0.066998,
    0.068485,
    0.070061,
    0.071515,
    0.073193,
    0.074455,
    0.075651,
    0.077142,
    0.078826,
    0.080265,
    0.081877,
    0.083216,
    0.08482,
    0.086394,
    0.087989,
    0.08956,
    0.091543,
    0.093155,
    0.094848,
    0.0966,
    0.0986,
    0.100451,
    0.102075,
    0.103519,
    0.105134,
    0.106713,
    0.108042,
    0.109847,
    0.114657,
    0.116274,
    0.117979,
    0.119892,
    0.121716,
    0.124963,
    0.126492,
    0.12826,
    0.129799,
    0.133205,
    0.140195,
    0.142145,
    0.143765,
    0.147025,
    0.148643,
    0.151744,
    0.156415,
    0.167848,
    0.177995,
    0.18644,
    0.187934,
    0.191319,
    0.192996,
    0.202983,
    0.204504,
    0.227099,
    0.234069,
    0.235693,
    0.250048,
    0.258249,
    0.261249,
    0.26301,
    0.320441,
    0.563182,
    0.728186,
    0.72985,
    0.732809,
    0.761369,
    1.130901,
    1.140753,
    1.150045,
    1.152328,
    1.158224,
    2.009795,
    2.025254,
    2.36768,
    2.932018,
    2.933475,
    2.935038,
    2.936511,
    2.957407,
    2.967935,
    3.208804,
    4.793692,
    4.81664,
    4.848507,
    4.875921,
    5.15857,
    5.905659,
    8.8705
   ],
   "best sol cost values": [
    393513.0,
    392799.0,
    392057.0,
    391198.0,
    390175.0,
    389540.0,
    388831.0,
    388394.0,
    388148.0,
    387644.0,
    387200.0,
    386980.0,
    386706.0,
    386359.0,
    386113.0,
    385867.0,
    385709.0,
    385621.0,
    385344.0,
    384861.0,
    384750.0,
    384261.0,
    384081.0,
    383926.0,
    383661.0,
    383570.0,
    383448.0,
    383350.0,
    383265.0,
    383183.0,
    383177.0,
    383093.0,
    383048.0,
    382975.0,
    382969.0,
    382943.0,
    382921.0,
    382848.0,
    382726.0,
    382639.0,
    382578.0,
    382540.0,
    382520.0,
    382466.0,
    382450.0,
    382428.0,
    382389.0,
    382304.0,
    382282.0,
    382209.0,
    381964.0,
    381882.0,
    381877.0,
    381796.0,
    381790.0,
    381764.0,
    381759.0,
    381739.0,
    381721.0,
    381702.0,
    381698.0,
    381685.0,
    381529.0,
    381513.0,
    381497.0,
    381489.0,
    381455.0,
    381440.0,
    381435.0,
    381356.0,
    381305.0,
    381280.0,
    381203.0,
    381196.0,
    381126.0,
    381052.0,
    380988.0,
    380937.0,
    380866.0,
    380851.0,
    380833.0,
    380750.0,
    380748.0,
    380747.0,
    380706.0,
    380617.0,
    380528.0,
    380501.0,
    380464.0,
    380407.0,
    380381.0,
    380369.0,
    380368.0,
    380361.0,
    380259.0,
    380108.0,
    380082.0,
    380076.0,
    379986.0,
    379980.0,
    379966.0,
    379943.0,
    379941.0,
    379934.0,
    379931.0,
    379930.0,
    379913.0
   ],
   "execution time": 9.430015901,
   "final cost": 379913.0,
   "final error": 0.49757692470478687,
   "finished_at": "2024-03-21T17:06:36.328507909",
   "initial sol cost": 394428.0,
   "initial solutions build time": 0.022230036,
   "local source solutions updates": 631,
   "pher_deposition_time": 0.14528587835957296,
   "sol cost mean recorded every ith iter": 20,