{
 "args": {
  "alg": "force_mfaco",
  "ants": 256,
  "backup list size": 64,
  "beta": 1.0,
  "cand list size": 16,
  "count new edges": 0,
  "gbest as source prob": 0.01,
  "id": "default",
  "iterations": 5000,
  "keep better ant sol": 1,
  "local search": 1,
  "ls cand list size": 20,
  "min new edges": 8,
  "p best": 0.1,
  "picture": true,
  "problem": "large_instances/pr2392.tsp",
  "repeat": 1,
  "results dir": "results",
  "rho": 0.5,
  "seed": 907911411,
  "source sol local update": 1,
  "threads": 0
 },
 "executions": [
  {
   "ants solutions updates": 12635,
   "best sol cost iterations": [
    0,
    1,
    2,
    3,
    4,
    5,
    6,
    7,
    8,
    9,
    10,
    11,
    12,
    13,
    14,
    15,
    16,
    17,
    18,
    19,
    20,
    21,
    22,
    23,
    25,
    26,
    27,
    28,
    29,
    30,
    31,
    32,
    33,
    34,
    35,
    36,
    37,
    38,
    39,
    40,
    41,
    42,
    43,
    44,
    45,
    46,
    47,
    48,
    49,
    50,
    51,
    52,
    53,
    55,
    57,
    59,
    60,
    61,
    62,
    73,
    78,
    79,
    81,
    91,
    92,
    95,
    97,
    99,
    102,
    126,
    134,
    179,
    183,
    184,
    191,
    192,
    195,
    200,
    335,
    398,
    640,
    646,
    649,
    662,
    663,
    665,
    666,
    669,
    2229,
    2534,
    2536,
    2537
   ],
   "best sol cost times": [
    0.006212,
    0.0077,
    0.011312,
    0.012424,
    0.013068,
    0.013984,
    0.015599,
    0.023581,
    0.031841,
    0.034233,
    0.035867,
    0.049549,
    0.051055,
    0.059301,
    0.065147,
    0.07026,
    0.072524,
    0.078795,
    0.085552,
    0.08737,
    0.091095,
    0.095132,
    0.10613,
    0.108458,
    0.114224,
    0.11597,
    0.117517,
    0.119461,
    0.121451,
    0.122953,
    0.124545,
    0.126819,
    0.128726,
    0.130641,
    0.132217,
    0.134069,
    0.135712,
    0.137529,
    0.139124,
    0.140779,
    0.142474,
    0.144075,
    0.145682,
    0.147501,
    0.149186,
    0.150561,
    0.151997,
    0.153413,
    0.154936,
    0.156385,
    0.157885,
    0.159592,
    0.161184,
    0.164556,
    0.167614,
    0.17067,
    0.172304,
    0.173929,
    0.175747,
    0.194464,
    0.202905,
    0.204748,
    0.20848,
    0.227402,
    0.229468,
    0.235749,
    0.239949,
    0.243721,
    0.249605,
    0.301192,
    0.317464,
    0.407634,
    0.416235,
    0.417929,
    0.431388,
    0.433081,
    0.438286,
    0.447689,
    0.701607,
    0.81864,
    1.276576,
    1.323507,
    1.329275,
    1.352456,
    1.354212,
    1.358165,
    1.359852,
    1.365078,
    4.245575,
    4.823711,
    4.826992,
    4.828656
   ],
   "best sol cost values": [
    393158.0,
    392350.0,
    391782.0,
    391432.0,
    390889.0,
    390654.0,
    390045.0,
    389636.0,
    388938.0,
    388229.0,
    387883.0,
    387497.0,
    387282.0,
    386771.0,
    385670.0,
    385440.0,
    385104.0,
    384922.0,
    384747.0,
    384659.0,
    384481.0,
    384332.0,
    384274.0,
    384164.0,
    384053.0,
    383898.0,
    383770.0,
    383584.0,
    383470.0,
    383429.0,
    383375.0,
    383226.0,
    383130.0,
    383053.0,
    383024.0,
    382841.0,
    382799.0,
    382713.0,
    382570.0,
    382553.0,
    382512.0,
    382501.0,
    382392.0,
    382288.0,
    382250.0,
    382107.0,
    382082.0,
    382016.0,
    381967.0,
    381941.0,
    381925.0,
    381909.0,
    381908.0,
    381884.0,
    381883.0,
    381880.0,
    381823.0,
    381818.0,
    381802.0,
    381795.0,
    381769.0,
    381760.0,
    381704.0,
    381696.0,
    381654.0,
    381635.0,
    381606.0,
    381563.0,
    381524.0,
    381515.0,
    381500.0,
    381435.0,
    381426.0,
    381317.0,
    381277.0,
    381271.0,
    381266.0,
    381228.0,
    381175.0,
    381160.0,
    381090.0,
    381081.0,
    381022.0,
    380914.0,
    380907.0,
    380901.0,
    380747.0,
    380709.0,
    380708.0,
    380707.0,
    380619.0,
    380618.0
   ],
   "execution time": 9.457938278,
   "final cost": 380618.0,
   "final error": 0.6840690735175858,
   "finished_at": "2024-03-21T10:38:47.284578620",
   "initial sol cost": 394235.0,
   "initial solutions build time": 0.055254775000000006,
   "local source solutions updates": 544,
   "pher_deposition_time": 0.14141154694516445,
   "sol cost mean recorded every ith iter": 20,
   "sol cost mean values": [
    394134.7,
    384908.0,
    382805.1,
    381912.1,
    381794.8,
    381635.4,
    381526.8,
    381507.8,
    381500.3,
    381487.9,
    381283.3,
    381229.8,
    381228.0,
    381228.0,
    381228.0,
    381228.0,
    381228.0,
    381197.5,
    381175.3,
    381175.0,
    381171.0,
    381160.6,
    381160.0,
    381160.0,
    381160.0,
    381160.0,
    381160.0,
    381160.0,
    381160.0,
    381160.0,
    381160.0,
    381160.0,
    381158.6,
    381031.3,
    380719.2,
    380709.0,
    380709.0,
    380709.0,
    380709.0,
    380709.0,
    380709.0,
    380709.0,
    380709.0,
    380709.0,
    380709.0,
    380709.0,
    380709.0,
    380709.0,
    380709.0,
    380709.0,
    380709.0,
    380709.0,
    380709.0,
    380709.0,
    380709.0,
    380709.0,
    380709.0,
    380709.0,
    380709.0,
    380709.0,
    380709.0,
    380709.0,
    380709.0,
    380709.0,
    380709.0,
    380709.0,
    380709.0,
    380709.0,
    380709.0,
    380709.0,
    380709.0,
    380709.0,
    380709.0,
    380709.0,
    380709.0,
    380709.0,
    380709.0,
    380709.0,
    380709.0,
    380709.0,
    380709.0,
    380709.0,
    380709.0,
    380709.0,
    380709.0,
    380709.0,
    380709.0,
    380709.0,
    380709.0,
    380709.0,
    380709.0,
    380709.0,
    380709.0,
    380709.0,
    380709.0,
    380709.0,
    380709.0,
    380709.0,
    380709.0,
    380709.0,
    380709.0,
    380709.0,
    380709.0,
    380709.0,
    380709.0,
    380709.0,
    380709.0,
    380709.0,
    380709.0,
    380709.0,
    380709.0,
    380709.0,
    380708.2,
    380708.0,
    380708.0,
    380708.0,
    380708.0,
    380708.0,
    380708.0,
    380708.0,
    380708.0,
    380708.0,
    380708.0,
    380708.0,
    380708.0,
    380708.0,
    380708.0,
    380656.2,
    380618.7,
    380618.0,
    380618.0,
    380618.0,
    380618.0,
    380618.0,
    380618.0,
    380618.0,
    380618.0,
    380618.0,
    380618.0,
    380618.0,
    380618.0,
    380618.0,
    380618.0,
    380618.0,
    380618.0,
    380618.0,
    380618.0,
    380618.0,
    380618.0,
    380618.0,
    380618.0,
    380618.0,
    380618.0,
    380618.0,
    380618.0,
    380618.0,
    380618.0,
    380618.0,
    380618.0,
    380618.0,
    380618.0,
    380618.0,
    380618.0,
    380618.0,
    380618.0,
    380618.0,
    380618.0,
    380618.0,
    380618.0,
    380618.0,
    380618.0,
    380618.0,
    380618.0,
    380618.0,
    380618.0,
    380618.0,
    380618.0,
    380618.0,
    380618.0,
    380618.0,
    380618.0,
    380618.0,
    380618.0,
    380618.0,
    380618.0,
    380618.0,
    380618.0,
    380618.0,
    380618.0,
    380618.0,
    380618.0,
    380618.0,
    380618.0,
    380618.0,
    380618.0,
    380618.0,
    380618.0,
    380618.0,
    380618.0,
    380618.0,
    380618.0,
    380618.0,
    380618.0,
    380618.0,
    380618.0,
    380618.0,
    380618.0,
    380618.0,
    380618.0,
    380618.0,
    380618.0,
    380618.0,
    380618.0,
    380618.0,
    380618.0,
    380618.0,
    380618.0,
    380618.0,
    380618.0,
    380618.0,
    380618.0,
    380618.0,
    380618.0,
    380618.0,
    380618.0,
    380618.0,
    380618.0,
    380618.0,
    380618.0,
    380618.0,
    380618.0,
    380618.0,
    380618.0,
    380618.0,
    380618.0,
    380618.0,
    380618.0,
    380618.0,
    380618.0,
    380618.0,
    380618.0,
    380618.0,
    380618.0,
    380618.0,
    380618.0,
    380618.0,
    380618.0,
    380618.0,
    380618.0,
    380618.0
   ],
   "sol cost stdev recorded every ith iter": 20,