{
 "args": {
  "alg": "mfaco",
  "ants": 704,
  "backup list size": 64,
  "beta": 1.0,
  "cand list size": 16,
  "count new edges": 0,
  "gbest as source prob": 0.01,
  "id": "default",
  "iterations": 6000,
  "keep better ant sol": 1,
  "local search": 1,
  "ls cand list size": 20,
  "min new edges": 4,
  "p best": 0.1,
  "picture": true,
  "problem": "large_instances/Tnm30001.tsp",
  "repeat": 1,
  "results dir": "results",
  "rho": 0.5,
  "seed": 26480904,
  "source sol local update": 1,
  "threads": 10
 },
 "executions": [
  {
   "ants solutions updates": 59506,
   "average visited": 131.58448058712122,
   "best sol cost iterations": [
    1,
    6,
    7,
    8,
    9,
    10,
    11,
    13,
    14,
    15,
    17,
    18,
    19,
    20,
    22,
    25,
    27,
    30,
    31,
    37,
    43,
    57,
    65,
    97,
    98,
    99,
    104,
    105,
    108,
    109,
    111,
    113,
    117,
    118,
    127,
    132,
    156,
    158,
    194,
    202,
    209,
    306,
    377,
    590,
    689,
    786,
    821,
    836,
    846,
    864,
    919,
    920,
    935,
    1335,
    1352,
    1381,
    1401,
    1406,
    1631,
    1665,
    1760,
    1805,
    2052,
    2101,
    2129,
    2202,
    2251,
    2726,
    2729,
    2743,
    3022,
    3023,
    3031,
    3071,
    3098,
    3107,
    3229,
    3277,
    3405,
    4208,
    4214,
    4287,
    4441,
    4724,
    5869
   ],
   "best sol cost times": [
    0.002462,
    0.018772,
    0.02494,
    0.03345,
    0.045262,
    0.062013,
    0.072035,
    0.090078,
    0.099229,
    0.107476,
    0.124131,
    0.132888,
    0.141062,
    0.149302,
    0.164613,
    0.192132,
    0.209625,
    0.237876,
    0.245373,
    0.294398,
    0.35897,
    0.493947,
    0.608361,
    0.952136,
    0.963389,
    0.970983,
    1.098019,
    1.118111,
    1.146379,
    1.154521,
    1.173601,
    1.192202,
    1.230176,
    1.238785,
    1.316664,
    1.386228,
    1.683176,
    1.70523,
    2.08775,
    2.178518,
    2.248071,
    3.306013,
    4.041386,
    6.251725,
    7.377823,
    8.388759,
    8.728499,
    8.88493,
    8.968479,
    9.172096,
    9.737554,
    9.746492,
    9.903651,
    14.121325,
    14.307551,
    14.604884,
    14.823487,
    14.874787,
    17.231312,
    17.613171,
    18.602824,
    19.083906,
    21.609071,
    22.147654,
    22.439126,
    23.260247,
    23.734497,
    28.439363,
    28.464814,
    28.599341,
    31.415041,
    31.430091,
    31.52496,
    31.933941,
    32.239782,
    32.311774,
    33.502793,
    33.944542,
    35.244068,
    43.170464,
    43.231354,
    43.976002,
    45.538745,
    48.282757,
    59.758092
   ],
   "best sol cost values": [
    567024737.0,
    566994723.0,
    566992023.0,
    566988594.0,
    566988452.0,
    566987804.0,
    566987733.0,
    566987697.0,
    566987689.0,
    566986641.0,
    566986496.0,
    566986477.0,
    566986447.0,
    566986423.0,
    566986420.0,
    566985154.0,
    566983952.0,
    566983951.0,
    566981926.0,
    566981925.0,
    566981476.0,
    566981475.0,
    566981474.0,
    566978227.0,
    566978226.0,
    566978224.0,
    566978216.0,
    566978214.0,
    566978209.0,
    566977415.0,
    566977414.0,
    566977411.0,
    566977410.0,
    566977409.0,
    566977408.0,
    566977407.0,
    566975619.0,
    566973473.0,
    566973255.0,
    566973254.0,
    566973253.0,
    566973252.0,
    566973251.0,
    566973250.0,
    566973249.0,
    566973248.0,
    566973247.0,
    566973245.0,
    566973243.0,
    566973242.0,
    566973241.0,
    566973240.0,
    566973239.0,
    566973238.0,
    566973237.0,
    566973236.0,
    566973235.0,
    566973234.0,
    566973233.0,
    566973232.0,
    566973231.0,
    566973230.0,
    566973229.0,
    566973228.0,
    566973227.0,
    566973226.0,
    566973225.0,
    566973224.0,
    566973223.0,
    566973222.0,
    566973221.0,
    566973220.0,
    566973219.0,
    566973218.0,
    566973217.0,
    566973215.0,
    566973214.0,
    566973213.0,
    566973212.0,
    566973211.0,
    566973210.0,
    566973209.0,
    566973208.0,
    566973207.0,
    566973206.0
   ],
   "execution time": 61.464889368,
   "final cost": 566973206.0,
   "final error": -1.5873763479682472e-05,
   "finished_at": "2024-05-21--11:24:08",
   "initial sol cost": 567042054.0,
   "initial solutions build time": 0.306104193,
   "local source solutions updates": 108,
   "pher_deposition_time": 2.2013893429611926,
   "sol cost mean recorded every ith iter": 20,