{
 "args": {
  "alg": "smfaco",
  "ants": 704,
  "backup list size": 64,
  "beta": 1.0,
  "cand list size": 16,
  "count new edges": 0,
  "gbest as source prob": 0.01,
  "id": "default",
  "iterations": 5000,
  "keep better ant sol": 1,
  "local search": 1,
  "ls cand list size": 20,
  "min new edges": 8,
  "p best": 0.1,
  "picture": true,
  "problem": "large_instances/Tnm30001.tsp",
  "repeat": 1,
  "results dir": "results",
  "rho": 0.5,
  "seed": 4079289234,
  "source sol local update": 1,
  "threads": 0
 },
 "executions": [
  {
   "ants solutions updates": 93593,
   "best sol cost iterations": [
    0,
    1,
    2,
    3,
    4,
    6,
    7,
    8,
    9,
    10,
    11,
    12,
    13,
    14,
    15,
    16,
    17,
    18,
    19,
    20,
    21,
    24,
    25,
    26,
    27,
    28,
    29,
    31,
    32,
    33,
    34,
    35,
    36,
    37,
    38,
    39,
    40,
    42,
    43,
    45,
    47,
    49,
    51,
    52,
    54,
    55,
    56,
    57,
    58,
    61,
    62,
    65,
    66,
    68,
    69,
    70,
    71,
    74,
    76,
    77,
    79,
    80,
    81,
    82,
    83,
    92,
    95,
    96,
    100,
    102,
    104,
    108,
    114,
    119,
    122,
    123,
    126,
    127,
    129,
    132,
    138,
    143,
    144,
    146,
    152,
    154,
    157,
    159,
    168,
    169,
    171,
    173,
    175,
    183,
    185,
    186,
    192,
    200,
    215,
    220,
    226,
    251,
    264,
    293,
    379,
    464,
    786,
    1694,
    1706,
    1709,
    1727,
    1728,
    1733,
    1735,
    1750,
    1912,
    1951,
    2018,
    2049,
    2054,
    2074,
    2080,
    2210,
    2340,
    2360,
    2371,
    2399,
    2419,
    2425,
    2430,
    2465,
    2521,
    2607,
    2995,
    3009,
    3428,
    3486,
    3561,
    3710,
    3748,
    3881,
    4411
   ],
   "best sol cost times": [
    0.034669,
    0.074155,
    0.079411,
    0.08766,
    0.092678,
    0.100856,
    0.105897,
    0.111124,
    0.116099,
    0.121174,
    0.125783,
    0.130605,
    0.136039,
    0.140992,
    0.147832,
    0.152798,
    0.158057,
    0.163643,
    0.168678,
    0.173811,
    0.178896,
    0.19259,
    0.196901,
    0.201591,
    0.206883,
    0.212384,
    0.217564,
    0.225964,
    0.230785,
    0.235825,
    0.240928,
    0.246189,
    0.252475,
    0.257032,
    0.26222,
    0.267513,
    0.272733,
    0.281458,
    0.286587,
    0.294976,
    0.303797,
    0.312102,
    0.320847,
    0.326038,
    0.334348,
    0.339187,
    0.344835,
    0.351746,
    0.36819,
    0.416718,
    0.448661,
    0.682105,
    0.76734,
    0.92994,
    0.995839,
    1.051237,
    1.131599,
    1.177437,
    1.211377,
    1.221107,
    1.235561,
    1.242115,
    1.248573,
    1.253473,
    1.258988,
    1.28941,
    1.30073,
    1.313948,
    1.328935,
    1.337948,
    1.346093,
    1.361661,
    1.383208,
    1.401733,
    1.413411,
    1.418009,
    1.430366,
    1.434716,
    1.44309,
    1.457662,
    1.488982,
    1.50673,
    1.511278,
    1.52624,
    1.547326,
    1.555203,
    1.566317,
    1.574458,
    1.605637,
    1.610016,
    1.618083,
    1.626356,
    1.634714,
    1.666204,
    1.681744,
    1.685978,
    1.706129,
    1.731976,
    1.786013,
    1.802932,
    1.829359,
    1.913385,
    1.970505,
    2.074375,
    2.42688,
    2.732503,
    3.876187,
    7.176605,
    7.259663,
    7.271045,
    7.333353,
    7.337588,
    7.356841,
    7.365409,
    7.424688,
    7.993502,
    8.125561,
    8.360072,
    8.504997,
    8.52229,
    8.60247,
    8.623376,
    9.083048,
    9.53913,
    9.655149,
    9.693014,
    9.80655,
    9.872561,
    9.89356,
    9.911241,
    10.048194,
    10.249375,
    10.584241,
    11.964966,
    12.045421,
    13.528296,
    13.788411,
    14.043255,
    14.584039,
    14.754025,
    15.236285,
    17.104138
   ],
   "best sol cost values": [
    567056640.0,
    567056631.0,
    566991978.0,
    566991951.0,
    566991950.0,
    566990665.0,
    566989927.0,
    566986498.0,
    566986410.0,
    566986409.0,
    566986000.0,
    566985981.0,
    566985971.0,
    566984628.0,
    566983321.0,
    566983295.0,
    566983100.0,
    566983075.0,
    566982997.0,
    566982939.0,
    566982934.0,
    566982932.0,
    566982931.0,
    566982797.0,
    566981527.0,
    566981505.0,
    566980303.0,
    566980302.0,
    566978280.0,
    566978238.0,
    566978212.0,
    566978211.0,
    566978207.0,
    566978197.0,
    566978184.0,
    566978176.0,
    566977723.0,
    566977714.0,
    566977713.0,
    566977691.0,
    566977670.0,
    566977669.0,
    566977663.0,
    566977662.0,
    566977640.0,
    566977628.0,
    566977626.0,
    566977617.0,
    566977599.0,
    566977597.0,
    566977571.0,
    566977570.0,
    566977566.0,
    566977564.0,
    566977558.0,
    566977556.0,
    566977554.0,
    566977553.0,
    566977546.0,
    566977539.0,
    566977527.0,
    566977525.0,
    566977524.0,
    566977516.0,
    566977514.0,
    566977513.0,
    566977511.0,
    566977510.0,
    566974047.0,
    566974038.0,
    566974034.0,
    566974032.0,
    566974012.0,
    566974010.0,
    566974007.0,
    566974005.0,
    566974004.0,
    566974001.0,
    566973998.0,
    566973991.0,
    566973990.0,
    566973988.0,
    566973980.0,
    566973979.0,
    566973978.0,
    566973976.0,
    566973970.0,
    566973969.0,
    566973966.0,
    566973965.0,
    566973963.0,
    566973960.0,
    566973956.0,
    566973955.0,
    566973954.0,
    566973953.0,
    566973952.0,
    566973950.0,
    566973949.0,
    566973948.0,
    566973947.0,
    566973945.0,
    566973944.0,
    566973943.0,
    566973942.0,
    566973941.0,
    566973940.0,
    566973249.0,
    566973246.0,
    566973245.0,
    566973244.0,
    566973243.0,
    566973242.0,
    566973241.0,
    566973240.0,
    566973239.0,
    566973238.0,
    566973236.0,
    566973234.0,
    566973232.0,
    566973231.0,
    566973229.0,
    566973227.0,
    566973226.0,
    566973225.0,
    566973224.0,
    566973223.0,
    566973222.0,
    566973221.0,
    566973220.0,
    566973218.0,
    566973217.0,
    566973216.0,
    566973214.0,
    566973213.0,
    566973212.0,
    566973211.0,
    566973210.0,
    566973208.0,
    566973207.0,
    566973206.0,
    566973205.0
   ],
   "execution time": 19.771500378000002,
   "final cost": 566973205.0,
   "final error": -1.605013862945672e-05,
   "finished_at": "2024-03-20T23:19:54.937517174",
   "initial sol cost": 567056643.0,
   "initial solutions build time": 0.407165961,
   "local source solutions updates": 202,
   "pher_deposition_time": 1.795572509019621,
   "rho_": 0.5,
   "sol cost mean recorded every ith iter": 20,