{
 "args": {
  "alg": "smfaco",
  "ants": 192,
  "backup list size": 64,
  "beta": 1.0,
  "cand list size": 16,
  "count new edges": 0,
  "gbest as source prob": 0.01,
  "id": "default",
  "iterations": 5000,
  "keep better ant sol": 1,
  "local search": 1,
  "ls cand list size": 20,
  "min new edges": 8,
  "p best": 0.1,
  "picture": true,
  "problem": "large_instances/pr2392.tsp",
  "repeat": 1,
  "results dir": "results",
  "rho": 0.5,
  "seed": 2816772800,
  "source sol local update": 1,
  "threads": 0
 },
 "executions": [
  {
   "ants solutions updates": 15195,
   "best sol cost iterations": [
    0,
    1,
    2,
    3,
    4,
    5,
    6,
    7,
    8,
    9,
    10,
    11,
    12,
    13,
    14,
    15,
    16,
    17,
    18,
    19,
    20,
    21,
    22,
    23,
    24,
    25,
    26,
    27,
    28,
    29,
    30,
    31,
    32,
    33,
    34,
    35,
    36,
    37,
    38,
    39,
    40,
    41,
    42,
    43,
    44,
    45,
    47,
    48,
    49,
    50,
    51,
    52,
    53,
    54,
    55,
    56,
    57,
    58,
    59,
    60,
    61,
    62,
    63,
    64,
    65,
    66,
    67,
    68,
    69,
    70,
    71,
    72,
    73,
    74,
    80,
    86,
    87,
    88,
    90,
    92,
    93,
    96,
    98,
    99,
    100,
    102,
    106,
    108,
    111,
    113,
    114,
    115,
    117,
    119,
    121,
    123,
    142,
    148,
    149,
    162,
    165,
    168,
    174,
    179,
    191,
    192,
    193,
    195,
    196,
    199,
    200,
    207,
    380,
    381,
    383,
    402,
    440,
    441,
    465,
    652,
    1508,
    2006,
    2015,
    2461,
    2465,
    2467,
    2471,
    2473,
    2474
   ],
   "best sol cost times": [
    0.023202,
    0.024491,
    0.028394,
    0.028733,
    0.0291,
    0.029477,
    0.029834,
    0.030213,
    0.030602,
    0.030965,
    0.031327,
    0.031689,
    0.037675,
    0.038911,
    0.040255,
    0.041568,
    0.042963,
    0.044329,
    0.045822,
    0.046665,
    0.050182,
    0.050543,
    0.051986,
    0.053262,
    0.054586,
    0.055876,
    0.057181,
    0.05881,
    0.060428,
    0.061781,
    0.063376,
    0.064589,
    0.065903,
    0.067245,
    0.067666,
    0.068037,
    0.068385,
    0.06873,
    0.0691,
    0.069461,
    0.069832,
    0.070204,
    0.070594,
    0.070955,
    0.07133,
    0.071688,
    0.072433,
    0.072805,
    0.073143,
    0.073477,
    0.07382,
    0.074195,
    0.074559,
    0.074893,
    0.075235,
    0.075568,
    0.075909,
    0.07628,
    0.076641,
    0.077005,
    0.077351,
    0.077729,
    0.078071,
    0.078444,
    0.078775,
    0.079132,
    0.079517,
    0.079994,
    0.080359,
    0.080708,
    0.081081,
    0.081436,
    0.081809,
    0.082175,
    0.084408,
    0.086565,
    0.086977,
    0.087337,
    0.088105,
    0.088869,
    0.089257,
    0.090319,
    0.091043,
    0.091387,
    0.091744,
    0.092458,
    0.094052,
    0.094745,
    0.095822,
    0.096558,
    0.096922,
    0.09728,
    0.098062,
    0.098879,
    0.099614,
    0.100401,
    0.11049,
    0.112777,
    0.113134,
    0.118489,
    0.11962,
    0.12079,
    0.123275,
    0.125199,
    0.130087,
    0.13047,
    0.130881,
    0.131668,
    0.132043,
    0.133244,
    0.133654,
    0.136546,
    0.204965,
    0.205342,
    0.206117,
    0.213447,
    0.22815,
    0.22854,
    0.237709,
    0.309759,
    0.86177,
    1.89846,
    1.936191,
    2.11973,
    2.121346,
    2.122153,
    2.123779,
    2.124569,
    2.124935
   ],
   "best sol cost values": [
    393373.0,
    392948.0,
    392507.0,
    392309.0,
    391764.0,
    390883.0,
    390819.0,
    390611.0,
    390300.0,
    389341.0,
    389094.0,
    388707.0,
    388347.0,
    388074.0,
    387865.0,
    387608.0,
    387365.0,
    387114.0,
    386991.0,
    386944.0,
    386857.0,
    386806.0,
    386613.0,
    386486.0,
    386364.0,
    386320.0,
    386222.0,
    386042.0,
    386007.0,
    385938.0,
    385807.0,
    385750.0,
    385703.0,
    385682.0,
    385416.0,
    385367.0,
    385324.0,
    385123.0,
    385050.0,
    385036.0,
    384996.0,
    384960.0,
    384908.0,
    384860.0,
    384629.0,
    384513.0,
    384446.0,
    384401.0,
    384365.0,
    384351.0,
    384322.0,
    383552.0,
    383522.0,
    383503.0,
    383474.0,
    383441.0,
    383413.0,
    383268.0,
    383233.0,
    383232.0,
    383216.0,
    383209.0,
    383193.0,
    383171.0,
    383163.0,
    383028.0,
    383024.0,
    383005.0,
    382994.0,
    382991.0,
    382972.0,
    382874.0,
    382859.0,
    382850.0,
    382838.0,
    382814.0,
    382767.0,
    382708.0,
    382660.0,
    382602.0,
    382576.0,
    382433.0,
    382426.0,
    382386.0,
    382374.0,
    382172.0,
    382168.0,
    382146.0,
    382068.0,
    381932.0,
    381827.0,
    381640.0,
    381623.0,
    381535.0,
    381490.0,
    381489.0,
    381469.0,
    381457.0,
    381454.0,
    381404.0,
    381394.0,
    381388.0,
    381384.0,
    381372.0,
    381359.0,
    381280.0,
    381236.0,
    381178.0,
    381129.0,
    381124.0,
    381119.0,
    381111.0,
    381074.0,
    381049.0,
    380928.0,
    380823.0,
    380817.0,
    380746.0,
    380713.0,
    380696.0,
    380569.0,
    380554.0,
    380536.0,
    380509.0,
    380457.0,
    380450.0,
    380444.0,
    380435.0,
    380398.0
   ],
   "execution time": 3.153003656,
   "final cost": 380398.0,
   "final error": 0.6258729419731663,
   "finished_at": "2024-03-20T23:19:17.618578181",
   "initial sol cost": 394909.0,
   "initial solutions build time": 0.032740506,
   "local source solutions updates": 527,
   "pher_deposition_time": 0.14423525087295275,
   "rho_": 0.5,
   "sol cost mean recorded every ith iter": 20,